problem,ablation,beta_update,T,alpha,eta,rho,theta_lambda,theta_lr,theta_inner_steps,policy_optimizer,policy_gradient,reinforce_samples,fisher_damping,cg_iters,cg_tol,state_weight_update,dataset_path,seed,theta_mode,theta_optimizer,theta_start_mode,theta_include_beta_cov,num_trajectories,max_steps,eval_seed,device,status,error,solver_success_rate,greedy_success_rate,solver_avg_reward,greedy_avg_reward,elapsed_seconds,run_idx
deterministic,adam_reinforce_samples,fogas_full,3000,0.001,0.0001,0.03,1e-07,0.001,10,adam,reinforce,16,0.001,50,1e-10,normal,/shared/home/mauro.diaz/work/FOGAS/data/datasets_clean/generalization/5grid.csv,46,reg_fixed,adam,warm,False,100,20,10000,cpu,ok,,1.0,1.0,0.9257000000000001,0.9300000000000002,5338.795681038988,234
deterministic,adam_reinforce_samples,fogas_full,3000,0.001,0.0001,0.03,1e-07,0.001,10,adam,reinforce,2,0.001,50,1e-10,normal,/shared/home/mauro.diaz/work/FOGAS/data/datasets_clean/generalization/5grid.csv,46,reg_fixed,adam,warm,False,100,20,10000,cpu,ok,,1.0,1.0,0.9254000000000002,0.9300000000000002,817.9491870920174,198
deterministic,adam_reinforce_samples,fogas_full,3000,0.001,0.0001,0.03,1e-07,0.001,10,adam,reinforce,64,0.001,50,1e-10,normal,/shared/home/mauro.diaz/work/FOGAS/data/datasets_clean/generalization/5grid.csv,45,reg_fixed,adam,warm,False,100,20,10000,cpu,ok,,1.0,1.0,0.9253000000000001,0.9300000000000002,6341.74066319206,244
deterministic,adam_reinforce_samples,fogas_full,3000,0.001,0.0001,0.03,1e-07,0.001,10,adam,reinforce,16,0.001,50,1e-10,normal,/shared/home/mauro.diaz/work/FOGAS/data/datasets_clean/generalization/5grid.csv,44,reg_fixed,adam,warm,False,100,20,10000,cpu,ok,,1.0,1.0,0.9251000000000001,0.9300000000000002,1657.8826695110183,221
deterministic,adam_reinforce_samples,fogas_full,3000,0.001,0.0001,0.03,1e-07,0.001,10,adam,reinforce,4,0.001,50,1e-10,normal,/shared/home/mauro.diaz/work/FOGAS/data/datasets_clean/generalization/5grid.csv,44,reg_fixed,adam,warm,False,100,20,10000,cpu,ok,,1.0,1.0,0.9251,0.9300000000000002,287.3390519479872,21
deterministic,adam_reinforce_samples,fogas_full,3000,0.001,0.0001,0.03,1e-07,0.001,10,adam,reinforce,128,0.001,50,1e-10,normal,/shared/home/mauro.diaz/work/FOGAS/data/datasets_clean/generalization/5grid.csv,43,reg_fixed,adam,warm,False,100,20,10000,cpu,ok,,1.0,1.0,0.9250000000000003,0.9300000000000002,9144.03045777994,256
deterministic,adam_reinforce_samples,fogas_full,3000,0.001,0.0001,0.03,1e-07,0.001,10,adam,reinforce,8,0.001,50,1e-10,normal,/shared/home/mauro.diaz/work/FOGAS/data/datasets_clean/generalization/5grid.csv,43,reg_fixed,adam,warm,False,100,20,10000,cpu,ok,,1.0,1.0,0.9249000000000004,0.9300000000000002,1716.4031650939723,216
deterministic,adam_reinforce_samples,fogas_full,3000,0.001,0.0001,0.03,1e-07,0.001,10,adam,reinforce,1,0.001,50,1e-10,normal,/shared/home/mauro.diaz/work/FOGAS/data/datasets_clean/generalization/5grid.csv,44,reg_fixed,adam,warm,False,100,20,10000,cpu,ok,,1.0,1.0,0.9249,0.9300000000000002,452.424776467029,87
deterministic,adam_reinforce_samples,fogas_full,3000,0.001,0.0001,0.03,1e-07,0.001,10,adam,reinforce,128,0.001,50,1e-10,normal,/shared/home/mauro.diaz/work/FOGAS/data/datasets_clean/generalization/5grid.csv,45,reg_fixed,adam,warm,False,100,20,10000,cpu,ok,,1.0,1.0,0.9249,0.9300000000000002,8699.531348816003,253
deterministic,adam_reinforce_samples,fogas_full,3000,0.001,0.0001,0.03,1e-07,0.001,10,adam,reinforce,4,0.001,50,1e-10,normal,/shared/home/mauro.diaz/work/FOGAS/data/datasets_clean/generalization/5grid.csv,43,reg_fixed,adam,warm,False,100,20,10000,cpu,ok,,1.0,1.0,0.9248000000000002,0.9300000000000002,421.8966066869907,81
deterministic,adam_reinforce_samples,fogas_full,3000,0.001,0.0001,0.03,1e-07,0.001,10,adam,reinforce,2,0.001,50,1e-10,normal,/shared/home/mauro.diaz/work/FOGAS/data/datasets_clean/generalization/5grid.csv,42,reg_fixed,adam,warm,False,100,20,10000,cpu,ok,,1.0,1.0,0.9248000000000002,0.9300000000000002,755.8856152130174,182
deterministic,adam_reinforce_samples,fogas_full,3000,0.001,0.0001,0.03,1e-07,0.001,10,adam,reinforce,128,0.001,50,1e-10,normal,/shared/home/mauro.diaz/work/FOGAS/data/datasets_clean/generalization/5grid.csv,46,reg_fixed,adam,warm,False,100,20,10000,cpu,ok,,1.0,1.0,0.9247000000000001,0.9300000000000002,8931.986227636924,255
deterministic,adam_exact_baseline,fogas_full,3000,0.001,0.0001,0.03,1e-07,0.001,10,adam,exact,4,0.001,50,1e-10,normal,/shared/home/mauro.diaz/work/FOGAS/data/datasets_clean/generalization/5grid.csv,42,reg_fixed,adam,warm,False,100,20,10000,cpu,ok,,1.0,1.0,0.9247,0.9300000000000002,139.5696412299876,3
deterministic,adam_reinforce_samples,fogas_full,3000,0.001,0.0001,0.03,1e-07,0.001,10,adam,reinforce,2,0.001,50,1e-10,normal,/shared/home/mauro.diaz/work/FOGAS/data/datasets_clean/generalization/5grid.csv,44,reg_fixed,adam,warm,False,100,20,10000,cpu,ok,,1.0,1.0,0.9246,0.9300000000000002,322.2410631180392,30
deterministic,adam_reinforce_samples,fogas_full,3000,0.001,0.0001,0.03,1e-07,0.001,10,adam,reinforce,64,0.001,50,1e-10,normal,/shared/home/mauro.diaz/work/FOGAS/data/datasets_clean/generalization/5grid.csv,46,reg_fixed,adam,warm,False,100,20,10000,cpu,ok,,1.0,1.0,0.9245000000000002,0.9300000000000002,7185.495433469943,246
deterministic,adam_reinforce_samples,fogas_full,3000,0.001,0.0001,0.03,1e-07,0.001,10,adam,reinforce,16,0.001,50,1e-10,normal,/shared/home/mauro.diaz/work/FOGAS/data/datasets_clean/generalization/5grid.csv,42,reg_fixed,adam,warm,False,100,20,10000,cpu,ok,,1.0,1.0,0.9244000000000001,0.9300000000000002,1677.1315025300137,222
deterministic,adam_reinforce_samples,fogas_full,3000,0.001,0.0001,0.03,1e-07,0.001,10,adam,reinforce,32,0.001,50,1e-10,normal,/shared/home/mauro.diaz/work/FOGAS/data/datasets_clean/generalization/5grid.csv,42,reg_fixed,adam,warm,False,100,20,10000,cpu,ok,,1.0,1.0,0.9244000000000001,0.9300000000000002,5464.44582731399,237
deterministic,adam_reinforce_samples,fogas_full,3000,0.001,0.0001,0.03,1e-07,0.001,10,adam,reinforce,64,0.001,50,1e-10,normal,/shared/home/mauro.diaz/work/FOGAS/data/datasets_clean/generalization/5grid.csv,42,reg_fixed,adam,warm,False,100,20,10000,cpu,ok,,1.0,1.0,0.9244000000000001,0.9300000000000002,5911.80870177201,239
deterministic,adam_reinforce_samples,fogas_full,3000,0.001,0.0001,0.03,1e-07,0.001,10,adam,reinforce,128,0.001,50,1e-10,normal,/shared/home/mauro.diaz/work/FOGAS/data/datasets_clean/generalization/5grid.csv,42,reg_fixed,adam,warm,False,100,20,10000,cpu,ok,,1.0,1.0,0.9243000000000001,0.9300000000000002,10638.893420561042,260
deterministic,adam_reinforce_samples,fogas_full,3000,0.001,0.0001,0.03,1e-07,0.001,10,adam,reinforce,4,0.001,50,1e-10,normal,/shared/home/mauro.diaz/work/FOGAS/data/datasets_clean/generalization/5grid.csv,45,reg_fixed,adam,warm,False,100,20,10000,cpu,ok,,1.0,1.0,0.9243,0.9300000000000002,403.6392890770221,75
deterministic,adam_reinforce_samples,fogas_full,3000,0.001,0.0001,0.03,1e-07,0.001,10,adam,reinforce,16,0.001,50,1e-10,normal,/shared/home/mauro.diaz/work/FOGAS/data/datasets_clean/generalization/5grid.csv,43,reg_fixed,adam,warm,False,100,20,10000,cpu,ok,,1.0,1.0,0.9242000000000001,0.9300000000000002,4119.846829827933,228
deterministic,adam_reinforce_samples,fogas_full,3000,0.001,0.0001,0.03,1e-07,0.001,10,adam,reinforce,32,0.001,50,1e-10,normal,/shared/home/mauro.diaz/work/FOGAS/data/datasets_clean/generalization/5grid.csv,46,reg_fixed,adam,warm,False,100,20,10000,cpu,ok,,1.0,1.0,0.9242000000000001,0.9300000000000002,6288.555019466963,241
deterministic,adam_reinforce_samples,fogas_full,3000,0.001,0.0001,0.03,1e-07,0.001,10,adam,reinforce,4,0.001,50,1e-10,normal,/shared/home/mauro.diaz/work/FOGAS/data/datasets_clean/generalization/5grid.csv,42,reg_fixed,adam,warm,False,100,20,10000,cpu,ok,,1.0,1.0,0.9242,0.9300000000000002,374.4938022089773,60
deterministic,adam_reinforce_samples,fogas_full,3000,0.001,0.0001,0.03,1e-07,0.001,10,adam,reinforce,1,0.001,50,1e-10,normal,/shared/home/mauro.diaz/work/FOGAS/data/datasets_clean/generalization/5grid.csv,46,reg_fixed,adam,warm,False,100,20,10000,cpu,ok,,1.0,1.0,0.9242,0.9300000000000002,526.7726176530123,105
deterministic,adam_reinforce_samples,fogas_full,3000,0.001,0.0001,0.03,1e-07,0.001,10,adam,reinforce,1,0.001,50,1e-10,normal,/shared/home/mauro.diaz/work/FOGAS/data/datasets_clean/generalization/5grid.csv,45,reg_fixed,adam,warm,False,100,20,10000,cpu,ok,,1.0,1.0,0.9241000000000004,0.9300000000000002,371.6106120650074,54
deterministic,adam_reinforce_samples,fogas_full,3000,0.001,0.0001,0.03,1e-07,0.001,10,adam,reinforce,16,0.001,50,1e-10,normal,/shared/home/mauro.diaz/work/FOGAS/data/datasets_clean/generalization/5grid.csv,45,reg_fixed,adam,warm,False,100,20,10000,cpu,ok,,1.0,1.0,0.9241000000000003,0.9300000000000002,1712.7868406089838,223
deterministic,adam_reinforce_samples,fogas_full,3000,0.001,0.0001,0.03,1e-07,0.001,10,adam,reinforce,64,0.001,50,1e-10,normal,/shared/home/mauro.diaz/work/FOGAS/data/datasets_clean/generalization/5grid.csv,43,reg_fixed,adam,warm,False,100,20,10000,cpu,ok,,1.0,1.0,0.9241000000000003,0.9300000000000002,8003.0864476460265,249
deterministic,adam_reinforce_samples,fogas_full,3000,0.001,0.0001,0.03,1e-07,0.001,10,adam,reinforce,32,0.001,50,1e-10,normal,/shared/home/mauro.diaz/work/FOGAS/data/datasets_clean/generalization/5grid.csv,43,reg_fixed,adam,warm,False,100,20,10000,cpu,ok,,1.0,1.0,0.9241000000000001,0.9300000000000002,6295.674496522057,242
deterministic,adam_reinforce_samples,fogas_full,3000,0.001,0.0001,0.03,1e-07,0.001,10,adam,reinforce,8,0.001,50,1e-10,normal,/shared/home/mauro.diaz/work/FOGAS/data/datasets_clean/generalization/5grid.csv,45,reg_fixed,adam,warm,False,100,20,10000,cpu,ok,,1.0,1.0,0.9241,0.9300000000000002,1629.5374275089707,212
deterministic,adam_reinforce_samples,fogas_full,3000,0.001,0.0001,0.03,1e-07,0.001,10,adam,reinforce,2,0.001,50,1e-10,normal,/shared/home/mauro.diaz/work/FOGAS/data/datasets_clean/generalization/5grid.csv,45,reg_fixed,adam,warm,False,100,20,10000,cpu,ok,,1.0,1.0,0.924,0.9300000000000002,347.78302089095814,40
deterministic,adam_reinforce_samples,fogas_full,3000,0.001,0.0001,0.03,1e-07,0.001,10,adam,reinforce,8,0.001,50,1e-10,normal,/shared/home/mauro.diaz/work/FOGAS/data/datasets_clean/generalization/5grid.csv,46,reg_fixed,adam,warm,False,100,20,10000,cpu,ok,,1.0,1.0,0.924,0.9300000000000002,1671.654087165021,215
deterministic,npg_exact_alpha_fisher,fogas_full,3000,0.1,0.0001,0.03,1e-07,0.001,10,npg,exact,4,0.001,50,1e-10,normal,/shared/home/mauro.diaz/work/FOGAS/data/datasets_clean/generalization/5grid.csv,42,reg_fixed,adam,warm,False,100,20,10000,cpu,ok,,1.0,1.0,0.9239000000000002,0.9300000000000002,395.1663456390379,70
deterministic,npg_exact_alpha_fisher,fogas_full,3000,0.1,0.0001,0.03,1e-07,0.001,10,npg,exact,4,0.0001,50,1e-10,normal,/shared/home/mauro.diaz/work/FOGAS/data/datasets_clean/generalization/5grid.csv,42,reg_fixed,adam,warm,False,100,20,10000,cpu,ok,,1.0,1.0,0.9239000000000002,0.9300000000000002,435.4451809039456,83
deterministic,adam_reinforce_samples,fogas_full,3000,0.001,0.0001,0.03,1e-07,0.001,10,adam,reinforce,8,0.001,50,1e-10,normal,/shared/home/mauro.diaz/work/FOGAS/data/datasets_clean/generalization/5grid.csv,44,reg_fixed,adam,warm,False,100,20,10000,cpu,ok,,1.0,1.0,0.9239000000000002,0.9300000000000002,1633.2675728459726,213
deterministic,npg_exact_alpha_fisher,fogas_full,3000,0.1,0.0001,0.03,1e-07,0.001,10,npg,exact,4,3e-06,50,1e-10,normal,/shared/home/mauro.diaz/work/FOGAS/data/datasets_clean/generalization/5grid.csv,42,reg_fixed,adam,warm,False,100,20,10000,cpu,ok,,1.0,1.0,0.9237000000000002,0.9300000000000002,501.7414414079976,101
deterministic,adam_reinforce_samples,fogas_full,3000,0.001,0.0001,0.03,1e-07,0.001,10,adam,reinforce,2,0.001,50,1e-10,normal,/shared/home/mauro.diaz/work/FOGAS/data/datasets_clean/generalization/5grid.csv,43,reg_fixed,adam,warm,False,100,20,10000,cpu,ok,,1.0,1.0,0.9236,0.9300000000000002,450.19938527297927,86
deterministic,npg_exact_alpha_fisher,fogas_full,3000,0.1,0.0001,0.03,1e-07,0.001,10,npg,exact,4,3e-05,50,1e-10,normal,/shared/home/mauro.diaz/work/FOGAS/data/datasets_clean/generalization/5grid.csv,42,reg_fixed,adam,warm,False,100,20,10000,cpu,ok,,1.0,1.0,0.9236,0.9300000000000002,454.8048777470249,88
deterministic,npg_exact_alpha_fisher,fogas_full,3000,0.1,0.0001,0.03,1e-07,0.001,10,npg,exact,4,0.01,50,1e-10,normal,/shared/home/mauro.diaz/work/FOGAS/data/datasets_clean/generalization/5grid.csv,42,reg_fixed,adam,warm,False,100,20,10000,cpu,ok,,1.0,1.0,0.9235000000000002,0.9300000000000002,254.0125373999472,10
deterministic,adam_reinforce_samples,fogas_full,3000,0.001,0.0001,0.03,1e-07,0.001,10,adam,reinforce,32,0.001,50,1e-10,normal,/shared/home/mauro.diaz/work/FOGAS/data/datasets_clean/generalization/5grid.csv,45,reg_fixed,adam,warm,False,100,20,10000,cpu,ok,,1.0,1.0,0.9235,0.9300000000000002,6208.3508515370195,240
deterministic,adam_reinforce_samples,fogas_full,3000,0.001,0.0001,0.03,1e-07,0.001,10,adam,reinforce,1,0.001,50,1e-10,normal,/shared/home/mauro.diaz/work/FOGAS/data/datasets_clean/generalization/5grid.csv,43,reg_fixed,adam,warm,False,100,20,10000,cpu,ok,,1.0,1.0,0.9234000000000002,0.9300000000000002,534.1129990339978,106
deterministic,adam_reinforce_samples,fogas_full,3000,0.001,0.0001,0.03,1e-07,0.001,10,adam,reinforce,4,0.001,50,1e-10,normal,/shared/home/mauro.diaz/work/FOGAS/data/datasets_clean/generalization/5grid.csv,46,reg_fixed,adam,warm,False,100,20,10000,cpu,ok,,1.0,1.0,0.9232000000000002,0.9300000000000002,258.93248525599483,12
deterministic,npg_exact_alpha_fisher,fogas_full,3000,0.1,0.0001,0.03,1e-07,0.001,10,npg,exact,4,1e-05,50,1e-10,normal,/shared/home/mauro.diaz/work/FOGAS/data/datasets_clean/generalization/5grid.csv,42,reg_fixed,adam,warm,False,100,20,10000,cpu,ok,,1.0,1.0,0.9232000000000002,0.9300000000000002,511.7889012179803,103
deterministic,adam_reinforce_samples,fogas_full,3000,0.001,0.0001,0.03,1e-07,0.001,10,adam,reinforce,1,0.001,50,1e-10,normal,/shared/home/mauro.diaz/work/FOGAS/data/datasets_clean/generalization/5grid.csv,42,reg_fixed,adam,warm,False,100,20,10000,cpu,ok,,1.0,1.0,0.9232000000000002,0.9300000000000002,559.617897788994,110
deterministic,npg_exact_alpha_fisher,fogas_full,3000,0.1,0.0001,0.03,1e-07,0.001,10,npg,exact,4,0.003,50,1e-10,normal,/shared/home/mauro.diaz/work/FOGAS/data/datasets_clean/generalization/5grid.csv,42,reg_fixed,adam,warm,False,100,20,10000,cpu,ok,,1.0,1.0,0.9230000000000002,0.9300000000000002,308.1795506700292,23
deterministic,npg_exact_alpha_fisher,fogas_full,3000,0.1,0.0001,0.03,1e-07,0.001,10,npg,exact,4,0.0003,50,1e-10,normal,/shared/home/mauro.diaz/work/FOGAS/data/datasets_clean/generalization/5grid.csv,42,reg_fixed,adam,warm,False,100,20,10000,cpu,ok,,1.0,1.0,0.9230000000000002,0.9300000000000002,464.4432717350428,91
deterministic,adam_reinforce_samples,fogas_full,3000,0.001,0.0001,0.03,1e-07,0.001,10,adam,reinforce,8,0.001,50,1e-10,normal,/shared/home/mauro.diaz/work/FOGAS/data/datasets_clean/generalization/5grid.csv,42,reg_fixed,adam,warm,False,100,20,10000,cpu,ok,,1.0,1.0,0.9228000000000004,0.9300000000000002,1667.8319084299728,214
deterministic,npg_exact_alpha_fisher,fogas_full,3000,0.1,0.0001,0.03,1e-07,0.001,10,npg,exact,4,1e-06,50,1e-10,normal,/shared/home/mauro.diaz/work/FOGAS/data/datasets_clean/generalization/5grid.csv,42,reg_fixed,adam,warm,False,100,20,10000,cpu,ok,,1.0,1.0,0.9225000000000004,0.9300000000000002,495.40086167503614,99
deterministic,adam_reinforce_samples,fogas_full,3000,0.001,0.0001,0.03,1e-07,0.001,10,adam,reinforce,32,0.001,50,1e-10,normal,/shared/home/mauro.diaz/work/FOGAS/data/datasets_clean/generalization/5grid.csv,44,reg_fixed,adam,warm,False,100,20,10000,cpu,ok,,1.0,1.0,0.9225000000000001,0.9300000000000002,5613.544320688001,238
deterministic,adam_reinforce_samples,fogas_full,3000,0.001,0.0001,0.03,1e-07,0.001,10,adam,reinforce,64,0.001,50,1e-10,normal,/shared/home/mauro.diaz/work/FOGAS/data/datasets_clean/generalization/5grid.csv,44,reg_fixed,adam,warm,False,100,20,10000,cpu,ok,,1.0,1.0,0.9225,0.9300000000000002,6386.38133926905,245
deterministic,npg_exact_alpha_fisher,fogas_full,3000,0.03,0.0001,0.03,1e-07,0.001,10,npg,exact,4,1e-05,50,1e-10,normal,/shared/home/mauro.diaz/work/FOGAS/data/datasets_clean/generalization/5grid.csv,42,reg_fixed,adam,warm,False,100,20,10000,cpu,ok,,1.0,1.0,0.9220000000000002,0.9300000000000002,481.2215073989937,96
deterministic,npg_exact_alpha_fisher,fogas_full,3000,0.03,0.0001,0.03,1e-07,0.001,10,npg,exact,4,3e-06,50,1e-10,normal,/shared/home/mauro.diaz/work/FOGAS/data/datasets_clean/generalization/5grid.csv,42,reg_fixed,adam,warm,False,100,20,10000,cpu,ok,,1.0,1.0,0.9218000000000002,0.9300000000000002,482.7892955919961,97
deterministic,npg_exact_alpha_fisher,fogas_full,3000,0.03,0.0001,0.03,1e-07,0.001,10,npg,exact,4,0.0003,50,1e-10,normal,/shared/home/mauro.diaz/work/FOGAS/data/datasets_clean/generalization/5grid.csv,42,reg_fixed,adam,warm,False,100,20,10000,cpu,ok,,1.0,1.0,0.9217000000000002,0.9300000000000002,437.2083587099914,85
deterministic,npg_exact_alpha_fisher,fogas_full,3000,0.03,0.0001,0.03,1e-07,0.001,10,npg,exact,4,0.0001,50,1e-10,normal,/shared/home/mauro.diaz/work/FOGAS/data/datasets_clean/generalization/5grid.csv,42,reg_fixed,adam,warm,False,100,20,10000,cpu,ok,,1.0,1.0,0.9211000000000004,0.9300000000000002,475.0138781899586,94
deterministic,npg_exact_alpha_fisher,fogas_full,3000,0.03,0.0001,0.03,1e-07,0.001,10,npg,exact,4,3e-05,50,1e-10,normal,/shared/home/mauro.diaz/work/FOGAS/data/datasets_clean/generalization/5grid.csv,42,reg_fixed,adam,warm,False,100,20,10000,cpu,ok,,1.0,1.0,0.9209000000000002,0.9300000000000002,409.7654234190122,77
deterministic,npg_exact_alpha_fisher,fogas_full,3000,0.03,0.0001,0.03,1e-07,0.001,10,npg,exact,4,0.001,50,1e-10,normal,/shared/home/mauro.diaz/work/FOGAS/data/datasets_clean/generalization/5grid.csv,42,reg_fixed,adam,warm,False,100,20,10000,cpu,ok,,1.0,1.0,0.9205000000000002,0.9300000000000002,365.7916650440311,47
deterministic,npg_exact_alpha_fisher,fogas_full,3000,0.03,0.0001,0.03,1e-07,0.001,10,npg,exact,4,1e-06,50,1e-10,normal,/shared/home/mauro.diaz/work/FOGAS/data/datasets_clean/generalization/5grid.csv,42,reg_fixed,adam,warm,False,100,20,10000,cpu,ok,,1.0,1.0,0.9204,0.9300000000000002,498.5318928639754,100
deterministic,npg_exact_alpha_fisher,fogas_full,3000,0.03,0.0001,0.03,1e-07,0.001,10,npg,exact,4,0.003,50,1e-10,normal,/shared/home/mauro.diaz/work/FOGAS/data/datasets_clean/generalization/5grid.csv,42,reg_fixed,adam,warm,False,100,20,10000,cpu,ok,,1.0,1.0,0.9199000000000004,0.9300000000000002,333.3204679749906,36
deterministic,adam_reinforce_samples,fogas_full,3000,0.001,0.0001,0.03,1e-07,0.001,10,adam,reinforce,128,0.001,50,1e-10,normal,/shared/home/mauro.diaz/work/FOGAS/data/datasets_clean/generalization/5grid.csv,44,reg_fixed,adam,warm,False,100,20,10000,cpu,ok,,0.99,1.0,0.9114,0.9300000000000002,10082.042548585043,258
deterministic,npg_exact_alpha_fisher,fogas_full,3000,0.03,0.0001,0.03,1e-07,0.001,10,npg,exact,4,0.01,50,1e-10,normal,/shared/home/mauro.diaz/work/FOGAS/data/datasets_clean/generalization/5grid.csv,42,reg_fixed,adam,warm,False,100,20,10000,cpu,ok,,0.99,1.0,0.9031,0.9300000000000002,257.1069351930055,11
deterministic,npg_exact_alpha_fisher,fogas_full,3000,0.01,0.0001,0.03,1e-07,0.001,10,npg,exact,4,1e-05,50,1e-10,normal,/shared/home/mauro.diaz/work/FOGAS/data/datasets_clean/generalization/5grid.csv,42,reg_fixed,adam,warm,False,100,20,10000,cpu,ok,,0.99,1.0,0.8857,0.9300000000000002,413.8398306290037,79
deterministic,npg_exact_alpha_fisher,fogas_full,3000,0.01,0.0001,0.03,1e-07,0.001,10,npg,exact,4,1e-06,50,1e-10,normal,/shared/home/mauro.diaz/work/FOGAS/data/datasets_clean/generalization/5grid.csv,42,reg_fixed,adam,warm,False,100,20,10000,cpu,ok,,0.99,1.0,0.8856999999999999,0.9300000000000002,477.2341067530215,95
deterministic,npg_exact_alpha_fisher,fogas_full,3000,0.01,0.0001,0.03,1e-07,0.001,10,npg,exact,4,3e-05,50,1e-10,normal,/shared/home/mauro.diaz/work/FOGAS/data/datasets_clean/generalization/5grid.csv,42,reg_fixed,adam,warm,False,100,20,10000,cpu,ok,,0.99,1.0,0.8855000000000001,0.9300000000000002,466.1672691529966,93
deterministic,npg_exact_alpha_fisher,fogas_full,3000,0.01,0.0001,0.03,1e-07,0.001,10,npg,exact,4,0.0001,50,1e-10,normal,/shared/home/mauro.diaz/work/FOGAS/data/datasets_clean/generalization/5grid.csv,42,reg_fixed,adam,warm,False,100,20,10000,cpu,ok,,0.99,1.0,0.8854000000000001,0.9300000000000002,466.08841307397233,92
deterministic,npg_exact_alpha_fisher,fogas_full,3000,0.01,0.0001,0.03,1e-07,0.001,10,npg,exact,4,0.0003,50,1e-10,normal,/shared/home/mauro.diaz/work/FOGAS/data/datasets_clean/generalization/5grid.csv,42,reg_fixed,adam,warm,False,100,20,10000,cpu,ok,,0.99,1.0,0.8852000000000001,0.9300000000000002,370.9148983340128,52
deterministic,npg_exact_alpha_fisher,fogas_full,3000,0.01,0.0001,0.03,1e-07,0.001,10,npg,exact,4,3e-06,50,1e-10,normal,/shared/home/mauro.diaz/work/FOGAS/data/datasets_clean/generalization/5grid.csv,42,reg_fixed,adam,warm,False,100,20,10000,cpu,ok,,0.99,1.0,0.885,0.9300000000000002,461.05265322997,90
deterministic,npg_exact_alpha_fisher,fogas_full,3000,0.01,0.0001,0.03,1e-07,0.001,10,npg,exact,4,0.001,50,1e-10,normal,/shared/home/mauro.diaz/work/FOGAS/data/datasets_clean/generalization/5grid.csv,42,reg_fixed,adam,warm,False,100,20,10000,cpu,ok,,0.96,1.0,0.8499000000000001,0.9300000000000002,396.1985849830089,71
deterministic,npg_exact_alpha_fisher,fogas_full,3000,0.01,0.0001,0.03,1e-07,0.001,10,npg,exact,4,0.003,50,1e-10,normal,/shared/home/mauro.diaz/work/FOGAS/data/datasets_clean/generalization/5grid.csv,42,reg_fixed,adam,warm,False,100,20,10000,cpu,ok,,0.94,1.0,0.8194,0.9300000000000002,325.24477375199785,34
deterministic,npg_exact_alpha_fisher,fogas_full,3000,0.01,0.0001,0.03,1e-07,0.001,10,npg,exact,4,0.01,50,1e-10,normal,/shared/home/mauro.diaz/work/FOGAS/data/datasets_clean/generalization/5grid.csv,42,reg_fixed,adam,warm,False,100,20,10000,cpu,ok,,0.75,1.0,0.5981,0.9300000000000002,277.50456794095226,17
deterministic,npg_exact_alpha_fisher,fogas_full,3000,0.003,0.0001,0.03,1e-07,0.001,10,npg,exact,4,1e-05,50,1e-10,normal,/shared/home/mauro.diaz/work/FOGAS/data/datasets_clean/generalization/5grid.csv,42,reg_fixed,adam,warm,False,100,20,10000,cpu,ok,,0.43,1.0,0.2536999999999999,0.9300000000000002,427.3520227850531,82
deterministic,npg_exact_alpha_fisher,fogas_full,3000,0.003,0.0001,0.03,1e-07,0.001,10,npg,exact,4,1e-06,50,1e-10,normal,/shared/home/mauro.diaz/work/FOGAS/data/datasets_clean/generalization/5grid.csv,42,reg_fixed,adam,warm,False,100,20,10000,cpu,ok,,0.42,1.0,0.2431999999999999,0.9300000000000002,423.8996983919642,80
deterministic,npg_exact_alpha_fisher,fogas_full,3000,0.003,0.0001,0.03,1e-07,0.001,10,npg,exact,4,3e-06,50,1e-10,normal,/shared/home/mauro.diaz/work/FOGAS/data/datasets_clean/generalization/5grid.csv,42,reg_fixed,adam,warm,False,100,20,10000,cpu,ok,,0.41,1.0,0.2325999999999999,0.9300000000000002,378.7016277970397,62
deterministic,npg_exact_alpha_fisher,fogas_full,3000,0.003,0.0001,0.03,1e-07,0.001,10,npg,exact,4,3e-05,50,1e-10,normal,/shared/home/mauro.diaz/work/FOGAS/data/datasets_clean/generalization/5grid.csv,42,reg_fixed,adam,warm,False,100,20,10000,cpu,ok,,0.4,1.0,0.2222999999999999,0.9300000000000002,456.6534619369777,89
deterministic,npg_exact_alpha_fisher,fogas_full,3000,0.003,0.0001,0.03,1e-07,0.001,10,npg,exact,4,0.0001,50,1e-10,normal,/shared/home/mauro.diaz/work/FOGAS/data/datasets_clean/generalization/5grid.csv,42,reg_fixed,adam,warm,False,100,20,10000,cpu,ok,,0.4,1.0,0.2219,0.9300000000000002,409.8066194890416,78
deterministic,npg_exact_alpha_fisher,fogas_full,3000,0.003,0.0001,0.03,1e-07,0.001,10,npg,exact,4,0.0003,50,1e-10,normal,/shared/home/mauro.diaz/work/FOGAS/data/datasets_clean/generalization/5grid.csv,42,reg_fixed,adam,warm,False,100,20,10000,cpu,ok,,0.37,1.0,0.1897999999999999,0.9300000000000002,366.8819220669684,49
deterministic,npg_exact_alpha_fisher,fogas_full,3000,0.003,0.0001,0.03,1e-07,0.001,10,npg,exact,4,0.001,50,1e-10,normal,/shared/home/mauro.diaz/work/FOGAS/data/datasets_clean/generalization/5grid.csv,42,reg_fixed,adam,warm,False,100,20,10000,cpu,ok,,0.36,1.0,0.1783999999999999,0.9300000000000002,359.3955859760172,44
deterministic,npg_exact_alpha_fisher,fogas_full,3000,0.003,0.0001,0.03,1e-07,0.001,10,npg,exact,4,0.003,50,1e-10,normal,/shared/home/mauro.diaz/work/FOGAS/data/datasets_clean/generalization/5grid.csv,42,reg_fixed,adam,warm,False,100,20,10000,cpu,ok,,0.21,1.0,0.0199999999999999,0.9300000000000002,313.7182070230483,25
deterministic,npg_exact_alpha_fisher,fogas_full,3000,0.001,0.0001,0.03,1e-07,0.001,10,npg,exact,4,3e-05,50,1e-10,normal,/shared/home/mauro.diaz/work/FOGAS/data/datasets_clean/generalization/5grid.csv,42,reg_fixed,adam,warm,False,100,20,10000,cpu,ok,,0.11,1.0,-0.0856,0.9300000000000002,372.9057046159869,56
deterministic,npg_exact_alpha_fisher,fogas_full,3000,0.001,0.0001,0.03,1e-07,0.001,10,npg,exact,4,1e-06,50,1e-10,normal,/shared/home/mauro.diaz/work/FOGAS/data/datasets_clean/generalization/5grid.csv,42,reg_fixed,adam,warm,False,100,20,10000,cpu,ok,,0.11,1.0,-0.0856,0.9300000000000002,393.4621476790053,68
deterministic,npg_exact_alpha_fisher,fogas_full,3000,0.001,0.0001,0.03,1e-07,0.001,10,npg,exact,4,3e-06,50,1e-10,normal,/shared/home/mauro.diaz/work/FOGAS/data/datasets_clean/generalization/5grid.csv,42,reg_fixed,adam,warm,False,100,20,10000,cpu,ok,,0.11,1.0,-0.0856,0.9300000000000002,397.5586551390006,73
deterministic,npg_exact_alpha_fisher,fogas_full,3000,0.001,0.0001,0.03,1e-07,0.001,10,npg,exact,4,1e-05,50,1e-10,normal,/shared/home/mauro.diaz/work/FOGAS/data/datasets_clean/generalization/5grid.csv,42,reg_fixed,adam,warm,False,100,20,10000,cpu,ok,,0.11,1.0,-0.0856,0.9300000000000002,408.6159397189622,76
deterministic,npg_exact_alpha_fisher,fogas_full,3000,0.001,0.0001,0.03,1e-07,0.001,10,npg,exact,4,0.0001,50,1e-10,normal,/shared/home/mauro.diaz/work/FOGAS/data/datasets_clean/generalization/5grid.csv,42,reg_fixed,adam,warm,False,100,20,10000,cpu,ok,,0.11,1.0,-0.0856,0.9300000000000002,436.3935921470402,84
deterministic,npg_exact_alpha_fisher,fogas_full,3000,0.003,0.0001,0.03,1e-07,0.001,10,npg,exact,4,0.01,50,1e-10,normal,/shared/home/mauro.diaz/work/FOGAS/data/datasets_clean/generalization/5grid.csv,42,reg_fixed,adam,warm,False,100,20,10000,cpu,ok,,0.1,1.0,-0.096,0.9300000000000002,285.3488616370014,19
deterministic,npg_exact_alpha_fisher,fogas_full,3000,0.001,0.0001,0.03,1e-07,0.001,10,npg,exact,4,0.001,50,1e-10,normal,/shared/home/mauro.diaz/work/FOGAS/data/datasets_clean/generalization/5grid.csv,42,reg_fixed,adam,warm,False,100,20,10000,cpu,ok,,0.1,1.0,-0.096,0.9300000000000002,371.3396401029895,53
deterministic,npg_exact_alpha_fisher,fogas_full,3000,0.001,0.0001,0.03,1e-07,0.001,10,npg,exact,4,0.0003,50,1e-10,normal,/shared/home/mauro.diaz/work/FOGAS/data/datasets_clean/generalization/5grid.csv,42,reg_fixed,adam,warm,False,100,20,10000,cpu,ok,,0.1,1.0,-0.096,0.9300000000000002,394.4991126019741,69
deterministic,npg_exact_alpha_fisher,fogas_full,3000,0.001,0.0001,0.03,1e-07,0.001,10,npg,exact,4,0.003,50,1e-10,normal,/shared/home/mauro.diaz/work/FOGAS/data/datasets_clean/generalization/5grid.csv,42,reg_fixed,adam,warm,False,100,20,10000,cpu,ok,,0.08,1.0,-0.1171,0.9300000000000002,323.82143950799946,32
deterministic,npg_exact_alpha_fisher,fogas_full,3000,0.0003,0.0001,0.03,1e-07,0.001,10,npg,exact,4,1e-06,50,1e-10,normal,/shared/home/mauro.diaz/work/FOGAS/data/datasets_clean/generalization/5grid.csv,42,reg_fixed,adam,warm,False,100,20,10000,cpu,ok,,0.08,1.0,-0.1173,0.9300000000000002,374.2414290299639,58
deterministic,npg_exact_alpha_fisher,fogas_full,3000,0.0003,0.0001,0.03,1e-07,0.001,10,npg,exact,4,3e-05,50,1e-10,normal,/shared/home/mauro.diaz/work/FOGAS/data/datasets_clean/generalization/5grid.csv,42,reg_fixed,adam,warm,False,100,20,10000,cpu,ok,,0.08,1.0,-0.1173,0.9300000000000002,381.0958048520261,63
deterministic,npg_exact_alpha_fisher,fogas_full,3000,0.0003,0.0001,0.03,1e-07,0.001,10,npg,exact,4,3e-06,50,1e-10,normal,/shared/home/mauro.diaz/work/FOGAS/data/datasets_clean/generalization/5grid.csv,42,reg_fixed,adam,warm,False,100,20,10000,cpu,ok,,0.08,1.0,-0.1173,0.9300000000000002,384.0043282459956,65
deterministic,npg_exact_alpha_fisher,fogas_full,3000,0.0003,0.0001,0.03,1e-07,0.001,10,npg,exact,4,0.0003,50,1e-10,normal,/shared/home/mauro.diaz/work/FOGAS/data/datasets_clean/generalization/5grid.csv,42,reg_fixed,adam,warm,False,100,20,10000,cpu,ok,,0.08,1.0,-0.1173,0.9300000000000002,384.71309343498433,66
deterministic,npg_exact_alpha_fisher,fogas_full,3000,0.0003,0.0001,0.03,1e-07,0.001,10,npg,exact,4,1e-05,50,1e-10,normal,/shared/home/mauro.diaz/work/FOGAS/data/datasets_clean/generalization/5grid.csv,42,reg_fixed,adam,warm,False,100,20,10000,cpu,ok,,0.08,1.0,-0.1173,0.9300000000000002,396.6663971479866,72
deterministic,npg_exact_alpha_fisher,fogas_full,3000,0.0003,0.0001,0.03,1e-07,0.001,10,npg,exact,4,0.0001,50,1e-10,normal,/shared/home/mauro.diaz/work/FOGAS/data/datasets_clean/generalization/5grid.csv,42,reg_fixed,adam,warm,False,100,20,10000,cpu,ok,,0.08,1.0,-0.1173,0.9300000000000002,402.8569123619818,74
deterministic,npg_exact_alpha_fisher,fogas_full,3000,0.0003,0.0001,0.03,1e-07,0.001,10,npg,exact,4,0.001,50,1e-10,normal,/shared/home/mauro.diaz/work/FOGAS/data/datasets_clean/generalization/5grid.csv,42,reg_fixed,adam,warm,False,100,20,10000,cpu,ok,,0.07,1.0,-0.1273999999999999,0.9300000000000002,301.94864697702,22
deterministic,sgd_exact_alpha,fogas_full,3000,0.03,0.0001,0.03,1e-07,0.001,10,sgd,exact,4,0.001,50,1e-10,normal,/shared/home/mauro.diaz/work/FOGAS/data/datasets_clean/generalization/5grid.csv,42,reg_fixed,adam,warm,False,100,20,10000,cpu,ok,,0.06,1.0,-0.1375,0.9300000000000002,152.92395080102142,8
deterministic,npg_exact_alpha_fisher,fogas_full,3000,0.001,0.0001,0.03,1e-07,0.001,10,npg,exact,4,0.01,50,1e-10,normal,/shared/home/mauro.diaz/work/FOGAS/data/datasets_clean/generalization/5grid.csv,42,reg_fixed,adam,warm,False,100,20,10000,cpu,ok,,0.06,1.0,-0.1375,0.9300000000000002,287.0651641789591,20
deterministic,sgd_exact_alpha,fogas_full,3000,0.01,0.0001,0.03,1e-07,0.001,10,sgd,exact,4,0.001,50,1e-10,normal,/shared/home/mauro.diaz/work/FOGAS/data/datasets_clean/generalization/5grid.csv,42,reg_fixed,adam,warm,False,100,20,10000,cpu,ok,,0.06,1.0,-0.1379,0.9300000000000002,129.8954297649907,1
deterministic,sgd_exact_alpha,fogas_full,3000,3e-05,0.0001,0.03,1e-07,0.001,10,sgd,exact,4,0.001,50,1e-10,normal,/shared/home/mauro.diaz/work/FOGAS/data/datasets_clean/generalization/5grid.csv,42,reg_fixed,adam,warm,False,100,20,10000,cpu,ok,,0.06,1.0,-0.1379,0.9300000000000002,137.5673287580139,2
deterministic,sgd_exact_alpha,fogas_full,3000,0.003,0.0001,0.03,1e-07,0.001,10,sgd,exact,4,0.001,50,1e-10,normal,/shared/home/mauro.diaz/work/FOGAS/data/datasets_clean/generalization/5grid.csv,42,reg_fixed,adam,warm,False,100,20,10000,cpu,ok,,0.06,1.0,-0.1379,0.9300000000000002,140.57118024496594,4
deterministic,sgd_exact_alpha,fogas_full,3000,0.001,0.0001,0.03,1e-07,0.001,10,sgd,exact,4,0.001,50,1e-10,normal,/shared/home/mauro.diaz/work/FOGAS/data/datasets_clean/generalization/5grid.csv,42,reg_fixed,adam,warm,False,100,20,10000,cpu,ok,,0.06,1.0,-0.1379,0.9300000000000002,141.43028883298393,5
deterministic,sgd_exact_alpha,fogas_full,3000,1e-05,0.0001,0.03,1e-07,0.001,10,sgd,exact,4,0.001,50,1e-10,normal,/shared/home/mauro.diaz/work/FOGAS/data/datasets_clean/generalization/5grid.csv,42,reg_fixed,adam,warm,False,100,20,10000,cpu,ok,,0.06,1.0,-0.1379,0.9300000000000002,143.89780360402074,6
deterministic,sgd_exact_alpha,fogas_full,3000,0.0003,0.0001,0.03,1e-07,0.001,10,sgd,exact,4,0.001,50,1e-10,normal,/shared/home/mauro.diaz/work/FOGAS/data/datasets_clean/generalization/5grid.csv,42,reg_fixed,adam,warm,False,100,20,10000,cpu,ok,,0.06,1.0,-0.1379,0.9300000000000002,148.52063349902164,7
deterministic,sgd_exact_alpha,fogas_full,3000,0.0001,0.0001,0.03,1e-07,0.001,10,sgd,exact,4,0.001,50,1e-10,normal,/shared/home/mauro.diaz/work/FOGAS/data/datasets_clean/generalization/5grid.csv,42,reg_fixed,adam,warm,False,100,20,10000,cpu,ok,,0.06,1.0,-0.1379,0.9300000000000002,156.3753266299609,9
deterministic,npg_exact_alpha_fisher,fogas_full,3000,3e-05,0.0001,0.03,1e-07,0.001,10,npg,exact,4,0.01,50,1e-10,normal,/shared/home/mauro.diaz/work/FOGAS/data/datasets_clean/generalization/5grid.csv,42,reg_fixed,adam,warm,False,100,20,10000,cpu,ok,,0.06,1.0,-0.1379,0.9300000000000002,264.94995324802585,14
deterministic,npg_exact_alpha_fisher,fogas_full,3000,0.0003,0.0001,0.03,1e-07,0.001,10,npg,exact,4,0.01,50,1e-10,normal,/shared/home/mauro.diaz/work/FOGAS/data/datasets_clean/generalization/5grid.csv,42,reg_fixed,adam,warm,False,100,20,10000,cpu,ok,,0.06,1.0,-0.1379,0.9300000000000002,269.78916897799354,15
deterministic,npg_exact_alpha_fisher,fogas_full,3000,1e-05,0.0001,0.03,1e-07,0.001,10,npg,exact,4,0.01,50,1e-10,normal,/shared/home/mauro.diaz/work/FOGAS/data/datasets_clean/generalization/5grid.csv,42,reg_fixed,adam,warm,False,100,20,10000,cpu,ok,,0.06,1.0,-0.1379,0.9300000000000002,272.71540596400155,16
deterministic,npg_exact_alpha_fisher,fogas_full,3000,0.0001,0.0001,0.03,1e-07,0.001,10,npg,exact,4,0.01,50,1e-10,normal,/shared/home/mauro.diaz/work/FOGAS/data/datasets_clean/generalization/5grid.csv,42,reg_fixed,adam,warm,False,100,20,10000,cpu,ok,,0.06,1.0,-0.1379,0.9300000000000002,284.8004437920172,18
deterministic,npg_exact_alpha_fisher,fogas_full,3000,1e-05,0.0001,0.03,1e-07,0.001,10,npg,exact,4,0.003,50,1e-10,normal,/shared/home/mauro.diaz/work/FOGAS/data/datasets_clean/generalization/5grid.csv,42,reg_fixed,adam,warm,False,100,20,10000,cpu,ok,,0.06,1.0,-0.1379,0.9300000000000002,308.4979983390076,24
deterministic,npg_exact_alpha_fisher,fogas_full,3000,3e-05,0.0001,0.03,1e-07,0.001,10,npg,exact,4,1e-06,50,1e-10,normal,/shared/home/mauro.diaz/work/FOGAS/data/datasets_clean/generalization/5grid.csv,42,reg_fixed,adam,warm,False,100,20,10000,cpu,ok,,0.06,1.0,-0.1379,0.9300000000000002,314.52535104198614,26
deterministic,npg_exact_alpha_fisher,fogas_full,3000,1e-05,0.0001,0.03,1e-07,0.001,10,npg,exact,4,0.0003,50,1e-10,normal,/shared/home/mauro.diaz/work/FOGAS/data/datasets_clean/generalization/5grid.csv,42,reg_fixed,adam,warm,False,100,20,10000,cpu,ok,,0.06,1.0,-0.1379,0.9300000000000002,315.3673794009956,27
deterministic,npg_exact_alpha_fisher,fogas_full,3000,0.0003,0.0001,0.03,1e-07,0.001,10,npg,exact,4,0.003,50,1e-10,normal,/shared/home/mauro.diaz/work/FOGAS/data/datasets_clean/generalization/5grid.csv,42,reg_fixed,adam,warm,False,100,20,10000,cpu,ok,,0.06,1.0,-0.1379,0.9300000000000002,318.2986215770361,28
deterministic,npg_exact_alpha_fisher,fogas_full,3000,1e-05,0.0001,0.03,1e-07,0.001,10,npg,exact,4,0.0001,50,1e-10,normal,/shared/home/mauro.diaz/work/FOGAS/data/datasets_clean/generalization/5grid.csv,42,reg_fixed,adam,warm,False,100,20,10000,cpu,ok,,0.06,1.0,-0.1379,0.9300000000000002,319.8121856049984,29
deterministic,npg_exact_alpha_fisher,fogas_full,3000,1e-05,0.0001,0.03,1e-07,0.001,10,npg,exact,4,0.001,50,1e-10,normal,/shared/home/mauro.diaz/work/FOGAS/data/datasets_clean/generalization/5grid.csv,42,reg_fixed,adam,warm,False,100,20,10000,cpu,ok,,0.06,1.0,-0.1379,0.9300000000000002,323.6456675470108,31
deterministic,npg_exact_alpha_fisher,fogas_full,3000,0.0001,0.0001,0.03,1e-07,0.001,10,npg,exact,4,0.003,50,1e-10,normal,/shared/home/mauro.diaz/work/FOGAS/data/datasets_clean/generalization/5grid.csv,42,reg_fixed,adam,warm,False,100,20,10000,cpu,ok,,0.06,1.0,-0.1379,0.9300000000000002,324.561606984993,33
deterministic,npg_exact_alpha_fisher,fogas_full,3000,3e-05,0.0001,0.03,1e-07,0.001,10,npg,exact,4,0.003,50,1e-10,normal,/shared/home/mauro.diaz/work/FOGAS/data/datasets_clean/generalization/5grid.csv,42,reg_fixed,adam,warm,False,100,20,10000,cpu,ok,,0.06,1.0,-0.1379,0.9300000000000002,329.2147142000031,35
deterministic,npg_exact_alpha_fisher,fogas_full,3000,0.0001,0.0001,0.03,1e-07,0.001,10,npg,exact,4,0.0001,50,1e-10,normal,/shared/home/mauro.diaz/work/FOGAS/data/datasets_clean/generalization/5grid.csv,42,reg_fixed,adam,warm,False,100,20,10000,cpu,ok,,0.06,1.0,-0.1379,0.9300000000000002,339.3985934430384,37
deterministic,npg_exact_alpha_fisher,fogas_full,3000,3e-05,0.0001,0.03,1e-07,0.001,10,npg,exact,4,0.0003,50,1e-10,normal,/shared/home/mauro.diaz/work/FOGAS/data/datasets_clean/generalization/5grid.csv,42,reg_fixed,adam,warm,False,100,20,10000,cpu,ok,,0.06,1.0,-0.1379,0.9300000000000002,345.4393331320025,38
deterministic,npg_exact_alpha_fisher,fogas_full,3000,1e-05,0.0001,0.03,1e-07,0.001,10,npg,exact,4,1e-06,50,1e-10,normal,/shared/home/mauro.diaz/work/FOGAS/data/datasets_clean/generalization/5grid.csv,42,reg_fixed,adam,warm,False,100,20,10000,cpu,ok,,0.06,1.0,-0.1379,0.9300000000000002,347.64557269896613,39
deterministic,npg_exact_alpha_fisher,fogas_full,3000,3e-05,0.0001,0.03,1e-07,0.001,10,npg,exact,4,0.001,50,1e-10,normal,/shared/home/mauro.diaz/work/FOGAS/data/datasets_clean/generalization/5grid.csv,42,reg_fixed,adam,warm,False,100,20,10000,cpu,ok,,0.06,1.0,-0.1379,0.9300000000000002,348.0303649699781,41
deterministic,npg_exact_alpha_fisher,fogas_full,3000,0.0001,0.0001,0.03,1e-07,0.001,10,npg,exact,4,0.001,50,1e-10,normal,/shared/home/mauro.diaz/work/FOGAS/data/datasets_clean/generalization/5grid.csv,42,reg_fixed,adam,warm,False,100,20,10000,cpu,ok,,0.06,1.0,-0.1379,0.9300000000000002,353.09051382902544,42
deterministic,npg_exact_alpha_fisher,fogas_full,3000,1e-05,0.0001,0.03,1e-07,0.001,10,npg,exact,4,1e-05,50,1e-10,normal,/shared/home/mauro.diaz/work/FOGAS/data/datasets_clean/generalization/5grid.csv,42,reg_fixed,adam,warm,False,100,20,10000,cpu,ok,,0.06,1.0,-0.1379,0.9300000000000002,354.98856637696736,43
deterministic,npg_exact_alpha_fisher,fogas_full,3000,3e-05,0.0001,0.03,1e-07,0.001,10,npg,exact,4,3e-06,50,1e-10,normal,/shared/home/mauro.diaz/work/FOGAS/data/datasets_clean/generalization/5grid.csv,42,reg_fixed,adam,warm,False,100,20,10000,cpu,ok,,0.06,1.0,-0.1379,0.9300000000000002,362.6854456809815,45
deterministic,npg_exact_alpha_fisher,fogas_full,3000,3e-05,0.0001,0.03,1e-07,0.001,10,npg,exact,4,1e-05,50,1e-10,normal,/shared/home/mauro.diaz/work/FOGAS/data/datasets_clean/generalization/5grid.csv,42,reg_fixed,adam,warm,False,100,20,10000,cpu,ok,,0.06,1.0,-0.1379,0.9300000000000002,363.2931659579626,46
deterministic,npg_exact_alpha_fisher,fogas_full,3000,3e-05,0.0001,0.03,1e-07,0.001,10,npg,exact,4,0.0001,50,1e-10,normal,/shared/home/mauro.diaz/work/FOGAS/data/datasets_clean/generalization/5grid.csv,42,reg_fixed,adam,warm,False,100,20,10000,cpu,ok,,0.06,1.0,-0.1379,0.9300000000000002,366.38188702601474,48
deterministic,npg_exact_alpha_fisher,fogas_full,3000,1e-05,0.0001,0.03,1e-07,0.001,10,npg,exact,4,3e-06,50,1e-10,normal,/shared/home/mauro.diaz/work/FOGAS/data/datasets_clean/generalization/5grid.csv,42,reg_fixed,adam,warm,False,100,20,10000,cpu,ok,,0.06,1.0,-0.1379,0.9300000000000002,367.8680878109881,50
deterministic,npg_exact_alpha_fisher,fogas_full,3000,1e-05,0.0001,0.03,1e-07,0.001,10,npg,exact,4,3e-05,50,1e-10,normal,/shared/home/mauro.diaz/work/FOGAS/data/datasets_clean/generalization/5grid.csv,42,reg_fixed,adam,warm,False,100,20,10000,cpu,ok,,0.06,1.0,-0.1379,0.9300000000000002,369.0113335009664,51
deterministic,npg_exact_alpha_fisher,fogas_full,3000,0.0001,0.0001,0.03,1e-07,0.001,10,npg,exact,4,1e-05,50,1e-10,normal,/shared/home/mauro.diaz/work/FOGAS/data/datasets_clean/generalization/5grid.csv,42,reg_fixed,adam,warm,False,100,20,10000,cpu,ok,,0.06,1.0,-0.1379,0.9300000000000002,372.31993634899845,55
deterministic,npg_exact_alpha_fisher,fogas_full,3000,0.0001,0.0001,0.03,1e-07,0.001,10,npg,exact,4,1e-06,50,1e-10,normal,/shared/home/mauro.diaz/work/FOGAS/data/datasets_clean/generalization/5grid.csv,42,reg_fixed,adam,warm,False,100,20,10000,cpu,ok,,0.06,1.0,-0.1379,0.9300000000000002,374.1334104599664,57
deterministic,npg_exact_alpha_fisher,fogas_full,3000,0.0001,0.0001,0.03,1e-07,0.001,10,npg,exact,4,3e-06,50,1e-10,normal,/shared/home/mauro.diaz/work/FOGAS/data/datasets_clean/generalization/5grid.csv,42,reg_fixed,adam,warm,False,100,20,10000,cpu,ok,,0.06,1.0,-0.1379,0.9300000000000002,374.5157207199954,59
deterministic,npg_exact_alpha_fisher,fogas_full,3000,0.0001,0.0001,0.03,1e-07,0.001,10,npg,exact,4,0.0003,50,1e-10,normal,/shared/home/mauro.diaz/work/FOGAS/data/datasets_clean/generalization/5grid.csv,42,reg_fixed,adam,warm,False,100,20,10000,cpu,ok,,0.06,1.0,-0.1379,0.9300000000000002,375.3829890449997,61
deterministic,npg_exact_alpha_fisher,fogas_full,3000,3e-05,0.0001,0.03,1e-07,0.001,10,npg,exact,4,3e-05,50,1e-10,normal,/shared/home/mauro.diaz/work/FOGAS/data/datasets_clean/generalization/5grid.csv,42,reg_fixed,adam,warm,False,100,20,10000,cpu,ok,,0.06,1.0,-0.1379,0.9300000000000002,383.5698984970222,64
deterministic,npg_exact_alpha_fisher,fogas_full,3000,0.0001,0.0001,0.03,1e-07,0.001,10,npg,exact,4,3e-05,50,1e-10,normal,/shared/home/mauro.diaz/work/FOGAS/data/datasets_clean/generalization/5grid.csv,42,reg_fixed,adam,warm,False,100,20,10000,cpu,ok,,0.06,1.0,-0.1379,0.9300000000000002,391.244710849016,67
stochastic,adam_reinforce_samples,fogas_full,3000,0.001,0.0001,1.0,3e-07,0.001,10,adam,reinforce,16,0.001,50,1e-10,normal,/shared/home/mauro.diaz/work/FOGAS/data/datasets_clean/generalization/5grid_stochastic.csv,45,reg_fixed,adam,warm,False,100,20,10000,cpu,ok,,0.91,0.93,-0.14005000000000006,0.018750000000000062,4663.782696148963,232
stochastic,adam_reinforce_samples,fogas_full,3000,0.001,0.0001,1.0,3e-07,0.001,10,adam,reinforce,32,0.001,50,1e-10,normal,/shared/home/mauro.diaz/work/FOGAS/data/datasets_clean/generalization/5grid_stochastic.csv,43,reg_fixed,adam,warm,False,100,20,10000,cpu,ok,,0.91,0.93,-0.14270000000000005,0.018750000000000062,4560.3666285279905,231
stochastic,adam_reinforce_samples,fogas_full,3000,0.001,0.0001,1.0,3e-07,0.001,10,adam,reinforce,64,0.001,50,1e-10,normal,/shared/home/mauro.diaz/work/FOGAS/data/datasets_clean/generalization/5grid_stochastic.csv,45,reg_fixed,adam,warm,False,100,20,10000,cpu,ok,,0.91,0.93,-0.20060000000000014,0.018750000000000062,7300.307023888978,247
stochastic,adam_exact_baseline,fogas_full,3000,0.001,0.0001,1.0,3e-07,0.001,10,adam,exact,4,0.001,50,1e-10,normal,/shared/home/mauro.diaz/work/FOGAS/data/datasets_clean/generalization/5grid_stochastic.csv,42,reg_fixed,adam,warm,False,100,20,10000,cpu,ok,,0.91,0.93,-0.1663000000000001,0.01875,117.4823381290189,13
stochastic,adam_reinforce_samples,fogas_full,3000,0.001,0.0001,1.0,3e-07,0.001,10,adam,reinforce,8,0.001,50,1e-10,normal,/shared/home/mauro.diaz/work/FOGAS/data/datasets_clean/generalization/5grid_stochastic.csv,43,reg_fixed,adam,warm,False,100,20,10000,cpu,ok,,0.91,0.93,-0.1728500000000001,0.01875,1505.0601988179842,218
stochastic,adam_reinforce_samples,fogas_full,3000,0.001,0.0001,1.0,3e-07,0.001,10,adam,reinforce,4,0.001,50,1e-10,normal,/shared/home/mauro.diaz/work/FOGAS/data/datasets_clean/generalization/5grid_stochastic.csv,46,reg_fixed,adam,warm,False,100,20,10000,cpu,ok,,0.91,0.93,-0.1744,0.01875,896.9816062140162,211
stochastic,adam_reinforce_samples,fogas_full,3000,0.001,0.0001,1.0,3e-07,0.001,10,adam,reinforce,8,0.001,50,1e-10,normal,/shared/home/mauro.diaz/work/FOGAS/data/datasets_clean/generalization/5grid_stochastic.csv,45,reg_fixed,adam,warm,False,100,20,10000,cpu,ok,,0.91,0.93,-0.1765000000000001,0.01875,603.2046314469771,208
stochastic,adam_reinforce_samples,fogas_full,3000,0.001,0.0001,1.0,3e-07,0.001,10,adam,reinforce,16,0.001,50,1e-10,normal,/shared/home/mauro.diaz/work/FOGAS/data/datasets_clean/generalization/5grid_stochastic.csv,43,reg_fixed,adam,warm,False,100,20,10000,cpu,ok,,0.9,0.93,-0.2291500000000001,0.018750000000000062,4377.488984572003,229
stochastic,adam_reinforce_samples,fogas_full,3000,0.001,0.0001,1.0,3e-07,0.001,10,adam,reinforce,2,0.001,50,1e-10,normal,/shared/home/mauro.diaz/work/FOGAS/data/datasets_clean/generalization/5grid_stochastic.csv,43,reg_fixed,adam,warm,False,100,20,10000,cpu,ok,,0.9,0.93,-0.1773000000000001,0.01875,581.5833273899625,206
stochastic,adam_reinforce_samples,fogas_full,3000,0.001,0.0001,1.0,3e-07,0.001,10,adam,reinforce,32,0.001,50,1e-10,normal,/shared/home/mauro.diaz/work/FOGAS/data/datasets_clean/generalization/5grid_stochastic.csv,42,reg_fixed,adam,warm,False,100,20,10000,cpu,ok,,0.89,0.93,-0.1806000000000001,0.018750000000000062,3065.236646467005,227
stochastic,adam_reinforce_samples,fogas_full,3000,0.001,0.0001,1.0,3e-07,0.001,10,adam,reinforce,64,0.001,50,1e-10,normal,/shared/home/mauro.diaz/work/FOGAS/data/datasets_clean/generalization/5grid_stochastic.csv,44,reg_fixed,adam,warm,False,100,20,10000,cpu,ok,,0.89,0.93,-0.19815000000000008,0.018750000000000062,8181.24930768006,250
stochastic,adam_reinforce_samples,fogas_full,3000,0.001,0.0001,1.0,3e-07,0.001,10,adam,reinforce,128,0.001,50,1e-10,normal,/shared/home/mauro.diaz/work/FOGAS/data/datasets_clean/generalization/5grid_stochastic.csv,43,reg_fixed,adam,warm,False,100,20,10000,cpu,ok,,0.89,0.93,-0.21775000000000008,0.018750000000000062,8696.636236237071,252
stochastic,adam_reinforce_samples,fogas_full,3000,0.001,0.0001,1.0,3e-07,0.001,10,adam,reinforce,64,0.001,50,1e-10,normal,/shared/home/mauro.diaz/work/FOGAS/data/datasets_clean/generalization/5grid_stochastic.csv,46,reg_fixed,adam,warm,False,100,20,10000,cpu,ok,,0.89,0.93,-0.2197500000000001,0.018750000000000062,5355.362724432955,236
stochastic,adam_reinforce_samples,fogas_full,3000,0.001,0.0001,1.0,3e-07,0.001,10,adam,reinforce,128,0.001,50,1e-10,normal,/shared/home/mauro.diaz/work/FOGAS/data/datasets_clean/generalization/5grid_stochastic.csv,46,reg_fixed,adam,warm,False,100,20,10000,cpu,ok,,0.89,0.93,-0.23995000000000008,0.018750000000000062,10091.74446239107,259
stochastic,npg_exact_alpha_fisher,fogas_full,3000,0.1,0.0001,1.0,3e-07,0.001,10,npg,exact,4,3e-05,50,1e-10,normal,/shared/home/mauro.diaz/work/FOGAS/data/datasets_clean/generalization/5grid_stochastic.csv,42,reg_fixed,adam,warm,False,100,20,10000,cpu,ok,,0.89,0.93,-0.1907500000000001,0.01875,364.9069352820516,193
stochastic,adam_reinforce_samples,fogas_full,3000,0.001,0.0001,1.0,3e-07,0.001,10,adam,reinforce,4,0.001,50,1e-10,normal,/shared/home/mauro.diaz/work/FOGAS/data/datasets_clean/generalization/5grid_stochastic.csv,42,reg_fixed,adam,warm,False,100,20,10000,cpu,ok,,0.89,0.93,-0.2384,0.01875,193.68543092603795,166
stochastic,adam_reinforce_samples,fogas_full,3000,0.001,0.0001,1.0,3e-07,0.001,10,adam,reinforce,16,0.001,50,1e-10,normal,/shared/home/mauro.diaz/work/FOGAS/data/datasets_clean/generalization/5grid_stochastic.csv,44,reg_fixed,adam,warm,False,100,20,10000,cpu,ok,,0.88,0.93,-0.1700500000000001,0.018750000000000062,5352.375532092992,235
stochastic,adam_reinforce_samples,fogas_full,3000,0.001,0.0001,1.0,3e-07,0.001,10,adam,reinforce,64,0.001,50,1e-10,normal,/shared/home/mauro.diaz/work/FOGAS/data/datasets_clean/generalization/5grid_stochastic.csv,43,reg_fixed,adam,warm,False,100,20,10000,cpu,ok,,0.88,0.93,-0.17475000000000013,0.018750000000000062,7462.2007325300365,248
stochastic,adam_reinforce_samples,fogas_full,3000,0.001,0.0001,1.0,3e-07,0.001,10,adam,reinforce,32,0.001,50,1e-10,normal,/shared/home/mauro.diaz/work/FOGAS/data/datasets_clean/generalization/5grid_stochastic.csv,44,reg_fixed,adam,warm,False,100,20,10000,cpu,ok,,0.88,0.93,-0.1924000000000001,0.018750000000000062,3030.2494945750223,226
stochastic,adam_reinforce_samples,fogas_full,3000,0.001,0.0001,1.0,3e-07,0.001,10,adam,reinforce,16,0.001,50,1e-10,normal,/shared/home/mauro.diaz/work/FOGAS/data/datasets_clean/generalization/5grid_stochastic.csv,42,reg_fixed,adam,warm,False,100,20,10000,cpu,ok,,0.88,0.93,-0.21885000000000013,0.018750000000000062,1731.1228901149589,224
stochastic,adam_reinforce_samples,fogas_full,3000,0.001,0.0001,1.0,3e-07,0.001,10,adam,reinforce,8,0.001,50,1e-10,normal,/shared/home/mauro.diaz/work/FOGAS/data/datasets_clean/generalization/5grid_stochastic.csv,44,reg_fixed,adam,warm,False,100,20,10000,cpu,ok,,0.88,0.93,-0.2307000000000001,0.01875,1564.9750812629936,219
stochastic,npg_exact_alpha_fisher,fogas_full,3000,0.1,0.0001,1.0,3e-07,0.001,10,npg,exact,4,1e-05,50,1e-10,normal,/shared/home/mauro.diaz/work/FOGAS/data/datasets_clean/generalization/5grid_stochastic.csv,42,reg_fixed,adam,warm,False,100,20,10000,cpu,ok,,0.88,0.93,-0.2418000000000001,0.01875,379.12916847795714,196
stochastic,adam_reinforce_samples,fogas_full,3000,0.001,0.0001,1.0,3e-07,0.001,10,adam,reinforce,1,0.001,50,1e-10,normal,/shared/home/mauro.diaz/work/FOGAS/data/datasets_clean/generalization/5grid_stochastic.csv,44,reg_fixed,adam,warm,False,100,20,10000,cpu,ok,,0.88,0.93,-0.2524,0.01875,555.7704756300081,203
stochastic,adam_reinforce_samples,fogas_full,3000,0.001,0.0001,1.0,3e-07,0.001,10,adam,reinforce,128,0.001,50,1e-10,normal,/shared/home/mauro.diaz/work/FOGAS/data/datasets_clean/generalization/5grid_stochastic.csv,42,reg_fixed,adam,warm,False,100,20,10000,cpu,ok,,0.87,0.93,-0.1967000000000001,0.018750000000000062,8885.899267668021,254
stochastic,adam_reinforce_samples,fogas_full,3000,0.001,0.0001,1.0,3e-07,0.001,10,adam,reinforce,64,0.001,50,1e-10,normal,/shared/home/mauro.diaz/work/FOGAS/data/datasets_clean/generalization/5grid_stochastic.csv,42,reg_fixed,adam,warm,False,100,20,10000,cpu,ok,,0.87,0.93,-0.21650000000000008,0.018750000000000062,5171.16252851102,233
stochastic,adam_reinforce_samples,fogas_full,3000,0.001,0.0001,1.0,3e-07,0.001,10,adam,reinforce,128,0.001,50,1e-10,normal,/shared/home/mauro.diaz/work/FOGAS/data/datasets_clean/generalization/5grid_stochastic.csv,44,reg_fixed,adam,warm,False,100,20,10000,cpu,ok,,0.87,0.93,-0.2172000000000001,0.018750000000000062,8651.299652585993,251
stochastic,adam_reinforce_samples,fogas_full,3000,0.001,0.0001,1.0,3e-07,0.001,10,adam,reinforce,16,0.001,50,1e-10,normal,/shared/home/mauro.diaz/work/FOGAS/data/datasets_clean/generalization/5grid_stochastic.csv,46,reg_fixed,adam,warm,False,100,20,10000,cpu,ok,,0.87,0.93,-0.2254000000000001,0.018750000000000062,4524.202571183036,230
stochastic,adam_reinforce_samples,fogas_full,3000,0.001,0.0001,1.0,3e-07,0.001,10,adam,reinforce,4,0.001,50,1e-10,normal,/shared/home/mauro.diaz/work/FOGAS/data/datasets_clean/generalization/5grid_stochastic.csv,43,reg_fixed,adam,warm,False,100,20,10000,cpu,ok,,0.87,0.93,-0.17795,0.01875,265.8306883419864,197
stochastic,adam_reinforce_samples,fogas_full,3000,0.001,0.0001,1.0,3e-07,0.001,10,adam,reinforce,4,0.001,50,1e-10,normal,/shared/home/mauro.diaz/work/FOGAS/data/datasets_clean/generalization/5grid_stochastic.csv,45,reg_fixed,adam,warm,False,100,20,10000,cpu,ok,,0.87,0.93,-0.2363000000000001,0.01875,290.6216896570404,199
stochastic,adam_reinforce_samples,fogas_full,3000,0.001,0.0001,1.0,3e-07,0.001,10,adam,reinforce,2,0.001,50,1e-10,normal,/shared/home/mauro.diaz/work/FOGAS/data/datasets_clean/generalization/5grid_stochastic.csv,44,reg_fixed,adam,warm,False,100,20,10000,cpu,ok,,0.87,0.93,-0.2515500000000001,0.01875,500.0357495200005,202
stochastic,npg_exact_alpha_fisher,fogas_full,3000,0.1,0.0001,1.0,3e-07,0.001,10,npg,exact,4,0.0003,50,1e-10,normal,/shared/home/mauro.diaz/work/FOGAS/data/datasets_clean/generalization/5grid_stochastic.csv,42,reg_fixed,adam,warm,False,100,20,10000,cpu,ok,,0.87,0.93,-0.2627500000000001,0.01875,345.1349986749701,189
stochastic,npg_exact_alpha_fisher,fogas_full,3000,0.1,0.0001,1.0,3e-07,0.001,10,npg,exact,4,3e-06,50,1e-10,normal,/shared/home/mauro.diaz/work/FOGAS/data/datasets_clean/generalization/5grid_stochastic.csv,42,reg_fixed,adam,warm,False,100,20,10000,cpu,ok,,0.87,0.93,-0.3544500000000001,0.01875,371.7918886090047,191
stochastic,adam_reinforce_samples,fogas_full,3000,0.001,0.0001,1.0,3e-07,0.001,10,adam,reinforce,2,0.001,50,1e-10,normal,/shared/home/mauro.diaz/work/FOGAS/data/datasets_clean/generalization/5grid_stochastic.csv,45,reg_fixed,adam,warm,False,100,20,10000,cpu,ok,,0.86,0.93,-0.1817,0.01875,786.8141843099729,210
stochastic,adam_reinforce_samples,fogas_full,3000,0.001,0.0001,1.0,3e-07,0.001,10,adam,reinforce,4,0.001,50,1e-10,normal,/shared/home/mauro.diaz/work/FOGAS/data/datasets_clean/generalization/5grid_stochastic.csv,44,reg_fixed,adam,warm,False,100,20,10000,cpu,ok,,0.86,0.93,-0.2016,0.01875,208.16946217999796,177
stochastic,adam_reinforce_samples,fogas_full,3000,0.001,0.0001,1.0,3e-07,0.001,10,adam,reinforce,8,0.001,50,1e-10,normal,/shared/home/mauro.diaz/work/FOGAS/data/datasets_clean/generalization/5grid_stochastic.csv,42,reg_fixed,adam,warm,False,100,20,10000,cpu,ok,,0.86,0.93,-0.2289500000000001,0.01875,1216.855644418043,217
stochastic,npg_exact_alpha_fisher,fogas_full,3000,0.1,0.0001,1.0,3e-07,0.001,10,npg,exact,4,0.01,50,1e-10,normal,/shared/home/mauro.diaz/work/FOGAS/data/datasets_clean/generalization/5grid_stochastic.csv,42,reg_fixed,adam,warm,False,100,20,10000,cpu,ok,,0.86,0.93,-0.2817000000000002,0.01875,220.6216092939721,145
stochastic,adam_reinforce_samples,fogas_full,3000,0.001,0.0001,1.0,3e-07,0.001,10,adam,reinforce,32,0.001,50,1e-10,normal,/shared/home/mauro.diaz/work/FOGAS/data/datasets_clean/generalization/5grid_stochastic.csv,45,reg_fixed,adam,warm,False,100,20,10000,cpu,ok,,0.85,0.93,-0.21740000000000012,0.018750000000000062,2983.738702795934,225
stochastic,adam_reinforce_samples,fogas_full,3000,0.001,0.0001,1.0,3e-07,0.001,10,adam,reinforce,128,0.001,50,1e-10,normal,/shared/home/mauro.diaz/work/FOGAS/data/datasets_clean/generalization/5grid_stochastic.csv,45,reg_fixed,adam,warm,False,100,20,10000,cpu,ok,,0.85,0.93,-0.2175500000000001,0.018750000000000062,9497.938154743984,257
stochastic,adam_reinforce_samples,fogas_full,3000,0.001,0.0001,1.0,3e-07,0.001,10,adam,reinforce,8,0.001,50,1e-10,normal,/shared/home/mauro.diaz/work/FOGAS/data/datasets_clean/generalization/5grid_stochastic.csv,46,reg_fixed,adam,warm,False,100,20,10000,cpu,ok,,0.85,0.93,-0.2212000000000001,0.01875,1559.6541501300526,220
stochastic,adam_reinforce_samples,fogas_full,3000,0.001,0.0001,1.0,3e-07,0.001,10,adam,reinforce,1,0.001,50,1e-10,normal,/shared/home/mauro.diaz/work/FOGAS/data/datasets_clean/generalization/5grid_stochastic.csv,45,reg_fixed,adam,warm,False,100,20,10000,cpu,ok,,0.85,0.93,-0.2327500000000001,0.01875,601.5254460640135,207
stochastic,adam_reinforce_samples,fogas_full,3000,0.001,0.0001,1.0,3e-07,0.001,10,adam,reinforce,1,0.001,50,1e-10,normal,/shared/home/mauro.diaz/work/FOGAS/data/datasets_clean/generalization/5grid_stochastic.csv,42,reg_fixed,adam,warm,False,100,20,10000,cpu,ok,,0.85,0.93,-0.2623000000000001,0.01875,562.9298815680086,204
stochastic,adam_reinforce_samples,fogas_full,3000,0.001,0.0001,1.0,3e-07,0.001,10,adam,reinforce,1,0.001,50,1e-10,normal,/shared/home/mauro.diaz/work/FOGAS/data/datasets_clean/generalization/5grid_stochastic.csv,43,reg_fixed,adam,warm,False,100,20,10000,cpu,ok,,0.85,0.93,-0.2760500000000001,0.01875,505.34830403595697,200
stochastic,npg_exact_alpha_fisher,fogas_full,3000,0.1,0.0001,1.0,3e-07,0.001,10,npg,exact,4,0.001,50,1e-10,normal,/shared/home/mauro.diaz/work/FOGAS/data/datasets_clean/generalization/5grid_stochastic.csv,42,reg_fixed,adam,warm,False,100,20,10000,cpu,ok,,0.85,0.93,-0.2783500000000001,0.01875,311.7577290709596,181
stochastic,npg_exact_alpha_fisher,fogas_full,3000,0.03,0.0001,1.0,3e-07,0.001,10,npg,exact,4,0.001,50,1e-10,normal,/shared/home/mauro.diaz/work/FOGAS/data/datasets_clean/generalization/5grid_stochastic.csv,42,reg_fixed,adam,warm,False,100,20,10000,cpu,ok,,0.85,0.93,-0.2942500000000002,0.01875,334.9972625130322,175
stochastic,adam_reinforce_samples,fogas_full,3000,0.001,0.0001,1.0,3e-07,0.001,10,adam,reinforce,32,0.001,50,1e-10,normal,/shared/home/mauro.diaz/work/FOGAS/data/datasets_clean/generalization/5grid_stochastic.csv,46,reg_fixed,adam,warm,False,100,20,10000,cpu,ok,,0.84,0.93,-0.27830000000000016,0.018750000000000062,6329.4802468660055,243
stochastic,adam_reinforce_samples,fogas_full,3000,0.001,0.0001,1.0,3e-07,0.001,10,adam,reinforce,1,0.001,50,1e-10,normal,/shared/home/mauro.diaz/work/FOGAS/data/datasets_clean/generalization/5grid_stochastic.csv,46,reg_fixed,adam,warm,False,100,20,10000,cpu,ok,,0.84,0.93,-0.2212000000000001,0.01875,499.7747427819995,201
stochastic,adam_reinforce_samples,fogas_full,3000,0.001,0.0001,1.0,3e-07,0.001,10,adam,reinforce,2,0.001,50,1e-10,normal,/shared/home/mauro.diaz/work/FOGAS/data/datasets_clean/generalization/5grid_stochastic.csv,42,reg_fixed,adam,warm,False,100,20,10000,cpu,ok,,0.84,0.93,-0.2593500000000001,0.01875,781.3980333870277,209
stochastic,npg_exact_alpha_fisher,fogas_full,3000,0.03,0.0001,1.0,3e-07,0.001,10,npg,exact,4,1e-06,50,1e-10,normal,/shared/home/mauro.diaz/work/FOGAS/data/datasets_clean/generalization/5grid_stochastic.csv,42,reg_fixed,adam,warm,False,100,20,10000,cpu,ok,,0.84,0.93,-0.3204500000000002,0.01875,390.1495303839911,190
stochastic,npg_exact_alpha_fisher,fogas_full,3000,0.03,0.0001,1.0,3e-07,0.001,10,npg,exact,4,3e-06,50,1e-10,normal,/shared/home/mauro.diaz/work/FOGAS/data/datasets_clean/generalization/5grid_stochastic.csv,42,reg_fixed,adam,warm,False,100,20,10000,cpu,ok,,0.84,0.93,-0.3597000000000002,0.01875,381.34704060695367,188
stochastic,npg_exact_alpha_fisher,fogas_full,3000,0.03,0.0001,1.0,3e-07,0.001,10,npg,exact,4,0.0003,50,1e-10,normal,/shared/home/mauro.diaz/work/FOGAS/data/datasets_clean/generalization/5grid_stochastic.csv,42,reg_fixed,adam,warm,False,100,20,10000,cpu,ok,,0.84,0.93,-0.3745500000000002,0.01875,366.15294950804673,185
stochastic,adam_reinforce_samples,fogas_full,3000,0.001,0.0001,1.0,3e-07,0.001,10,adam,reinforce,2,0.001,50,1e-10,normal,/shared/home/mauro.diaz/work/FOGAS/data/datasets_clean/generalization/5grid_stochastic.csv,46,reg_fixed,adam,warm,False,100,20,10000,cpu,ok,,0.83,0.93,-0.2522500000000001,0.01875,555.4740864839987,205
stochastic,npg_exact_alpha_fisher,fogas_full,3000,0.1,0.0001,1.0,3e-07,0.001,10,npg,exact,4,1e-06,50,1e-10,normal,/shared/home/mauro.diaz/work/FOGAS/data/datasets_clean/generalization/5grid_stochastic.csv,42,reg_fixed,adam,warm,False,100,20,10000,cpu,ok,,0.83,0.93,-0.2861500000000001,0.01875,385.406068974,195
stochastic,npg_exact_alpha_fisher,fogas_full,3000,0.01,0.0001,1.0,3e-07,0.001,10,npg,exact,4,3e-06,50,1e-10,normal,/shared/home/mauro.diaz/work/FOGAS/data/datasets_clean/generalization/5grid_stochastic.csv,42,reg_fixed,adam,warm,False,100,20,10000,cpu,ok,,0.77,0.93,-0.5471000000000004,0.01875,398.8013108510058,187
stochastic,npg_exact_alpha_fisher,fogas_full,3000,0.01,0.0001,1.0,3e-07,0.001,10,npg,exact,4,1e-06,50,1e-10,normal,/shared/home/mauro.diaz/work/FOGAS/data/datasets_clean/generalization/5grid_stochastic.csv,42,reg_fixed,adam,warm,False,100,20,10000,cpu,ok,,0.77,0.93,-0.5536000000000003,0.01875,372.8123466289835,180
stochastic,npg_exact_alpha_fisher,fogas_full,3000,0.01,0.0001,1.0,3e-07,0.001,10,npg,exact,4,0.0001,50,1e-10,normal,/shared/home/mauro.diaz/work/FOGAS/data/datasets_clean/generalization/5grid_stochastic.csv,42,reg_fixed,adam,warm,False,100,20,10000,cpu,ok,,0.77,0.93,-0.5629000000000004,0.01875,359.495642400987,176
stochastic,npg_exact_alpha_fisher,fogas_full,3000,0.03,0.0001,1.0,3e-07,0.001,10,npg,exact,4,0.01,50,1e-10,normal,/shared/home/mauro.diaz/work/FOGAS/data/datasets_clean/generalization/5grid_stochastic.csv,42,reg_fixed,adam,warm,False,100,20,10000,cpu,ok,,0.77,0.93,-0.5989500000000003,0.01875,242.0459682889632,140
stochastic,npg_exact_alpha_fisher,fogas_full,3000,0.01,0.0001,1.0,3e-07,0.001,10,npg,exact,4,0.001,50,1e-10,normal,/shared/home/mauro.diaz/work/FOGAS/data/datasets_clean/generalization/5grid_stochastic.csv,42,reg_fixed,adam,warm,False,100,20,10000,cpu,ok,,0.77,0.93,-0.6280500000000003,0.01875,343.87256013200385,169
stochastic,npg_exact_alpha_fisher,fogas_full,3000,0.01,0.0001,1.0,3e-07,0.001,10,npg,exact,4,3e-05,50,1e-10,normal,/shared/home/mauro.diaz/work/FOGAS/data/datasets_clean/generalization/5grid_stochastic.csv,42,reg_fixed,adam,warm,False,100,20,10000,cpu,ok,,0.76,0.93,-0.5695000000000003,0.01875,375.6223723049625,183
stochastic,npg_exact_alpha_fisher,fogas_full,3000,0.01,0.0001,1.0,3e-07,0.001,10,npg,exact,4,1e-05,50,1e-10,normal,/shared/home/mauro.diaz/work/FOGAS/data/datasets_clean/generalization/5grid_stochastic.csv,42,reg_fixed,adam,warm,False,100,20,10000,cpu,ok,,0.76,0.93,-0.5881000000000003,0.01875,386.9375632299925,184
stochastic,npg_exact_alpha_fisher,fogas_full,3000,0.01,0.0001,1.0,3e-07,0.001,10,npg,exact,4,0.0003,50,1e-10,normal,/shared/home/mauro.diaz/work/FOGAS/data/datasets_clean/generalization/5grid_stochastic.csv,42,reg_fixed,adam,warm,False,100,20,10000,cpu,ok,,0.76,0.93,-0.5988500000000003,0.01875,354.0337808410404,174
stochastic,npg_exact_alpha_fisher,fogas_full,3000,0.01,0.0001,1.0,3e-07,0.001,10,npg,exact,4,0.003,50,1e-10,normal,/shared/home/mauro.diaz/work/FOGAS/data/datasets_clean/generalization/5grid_stochastic.csv,42,reg_fixed,adam,warm,False,100,20,10000,cpu,ok,,0.75,0.93,-0.7032500000000005,0.01875,298.8945973520167,152
stochastic,npg_exact_alpha_fisher,fogas_full,3000,0.01,0.0001,1.0,3e-07,0.001,10,npg,exact,4,0.01,50,1e-10,normal,/shared/home/mauro.diaz/work/FOGAS/data/datasets_clean/generalization/5grid_stochastic.csv,42,reg_fixed,adam,warm,False,100,20,10000,cpu,ok,,0.56,0.93,-1.1508000000000005,0.01875,217.91706224699735,127
stochastic,npg_exact_alpha_fisher,fogas_full,3000,0.003,0.0001,1.0,3e-07,0.001,10,npg,exact,4,1e-06,50,1e-10,normal,/shared/home/mauro.diaz/work/FOGAS/data/datasets_clean/generalization/5grid_stochastic.csv,42,reg_fixed,adam,warm,False,100,20,10000,cpu,ok,,0.46,0.93,-1.2932000000000006,0.01875,343.1283218470053,162
stochastic,npg_exact_alpha_fisher,fogas_full,3000,0.003,0.0001,1.0,3e-07,0.001,10,npg,exact,4,1e-05,50,1e-10,normal,/shared/home/mauro.diaz/work/FOGAS/data/datasets_clean/generalization/5grid_stochastic.csv,42,reg_fixed,adam,warm,False,100,20,10000,cpu,ok,,0.46,0.93,-1.2932000000000006,0.01875,350.07636389299296,167
stochastic,npg_exact_alpha_fisher,fogas_full,3000,0.003,0.0001,1.0,3e-07,0.001,10,npg,exact,4,3e-06,50,1e-10,normal,/shared/home/mauro.diaz/work/FOGAS/data/datasets_clean/generalization/5grid_stochastic.csv,42,reg_fixed,adam,warm,False,100,20,10000,cpu,ok,,0.46,0.93,-1.2932000000000006,0.01875,364.03768446698086,172
stochastic,npg_exact_alpha_fisher,fogas_full,3000,0.003,0.0001,1.0,3e-07,0.001,10,npg,exact,4,3e-05,50,1e-10,normal,/shared/home/mauro.diaz/work/FOGAS/data/datasets_clean/generalization/5grid_stochastic.csv,42,reg_fixed,adam,warm,False,100,20,10000,cpu,ok,,0.45,0.93,-1.3026500000000008,0.01875,341.9043711129925,164
stochastic,npg_exact_alpha_fisher,fogas_full,3000,0.003,0.0001,1.0,3e-07,0.001,10,npg,exact,4,0.0001,50,1e-10,normal,/shared/home/mauro.diaz/work/FOGAS/data/datasets_clean/generalization/5grid_stochastic.csv,42,reg_fixed,adam,warm,False,100,20,10000,cpu,ok,,0.45,0.93,-1.3092000000000008,0.01875,344.83992859796854,165
stochastic,npg_exact_alpha_fisher,fogas_full,3000,0.003,0.0001,1.0,3e-07,0.001,10,npg,exact,4,0.0003,50,1e-10,normal,/shared/home/mauro.diaz/work/FOGAS/data/datasets_clean/generalization/5grid_stochastic.csv,42,reg_fixed,adam,warm,False,100,20,10000,cpu,ok,,0.43,0.93,-1.345900000000001,0.01875,374.1844626889797,179
stochastic,npg_exact_alpha_fisher,fogas_full,3000,0.003,0.0001,1.0,3e-07,0.001,10,npg,exact,4,0.001,50,1e-10,normal,/shared/home/mauro.diaz/work/FOGAS/data/datasets_clean/generalization/5grid_stochastic.csv,42,reg_fixed,adam,warm,False,100,20,10000,cpu,ok,,0.38,0.93,-1.4845000000000004,0.01875,329.07556770398514,160
stochastic,npg_exact_alpha_fisher,fogas_full,3000,0.003,0.0001,1.0,3e-07,0.001,10,npg,exact,4,0.003,50,1e-10,normal,/shared/home/mauro.diaz/work/FOGAS/data/datasets_clean/generalization/5grid_stochastic.csv,42,reg_fixed,adam,warm,False,100,20,10000,cpu,ok,,0.19,0.93,-1.783150000000001,0.01875,286.1713675319916,143
stochastic,npg_exact_alpha_fisher,fogas_full,3000,0.003,0.0001,1.0,3e-07,0.001,10,npg,exact,4,0.01,50,1e-10,normal,/shared/home/mauro.diaz/work/FOGAS/data/datasets_clean/generalization/5grid_stochastic.csv,42,reg_fixed,adam,warm,False,100,20,10000,cpu,ok,,0.11,0.93,-1.928700000000001,0.01875,253.3136035290081,130
stochastic,npg_exact_alpha_fisher,fogas_full,3000,0.001,0.0001,1.0,3e-07,0.001,10,npg,exact,4,3e-05,50,1e-10,normal,/shared/home/mauro.diaz/work/FOGAS/data/datasets_clean/generalization/5grid_stochastic.csv,42,reg_fixed,adam,warm,False,100,20,10000,cpu,ok,,0.09,0.93,-1.9192500000000003,0.01875,330.63147081201896,155
stochastic,npg_exact_alpha_fisher,fogas_full,3000,0.001,0.0001,1.0,3e-07,0.001,10,npg,exact,4,3e-06,50,1e-10,normal,/shared/home/mauro.diaz/work/FOGAS/data/datasets_clean/generalization/5grid_stochastic.csv,42,reg_fixed,adam,warm,False,100,20,10000,cpu,ok,,0.09,0.93,-1.9192500000000003,0.01875,369.4206260649953,168
stochastic,npg_exact_alpha_fisher,fogas_full,3000,0.001,0.0001,1.0,3e-07,0.001,10,npg,exact,4,1e-06,50,1e-10,normal,/shared/home/mauro.diaz/work/FOGAS/data/datasets_clean/generalization/5grid_stochastic.csv,42,reg_fixed,adam,warm,False,100,20,10000,cpu,ok,,0.09,0.93,-1.9192500000000003,0.01875,375.6538351729978,170
stochastic,npg_exact_alpha_fisher,fogas_full,3000,0.001,0.0001,1.0,3e-07,0.001,10,npg,exact,4,1e-05,50,1e-10,normal,/shared/home/mauro.diaz/work/FOGAS/data/datasets_clean/generalization/5grid_stochastic.csv,42,reg_fixed,adam,warm,False,100,20,10000,cpu,ok,,0.09,0.93,-1.9192500000000003,0.01875,386.30364437395474,178
stochastic,npg_exact_alpha_fisher,fogas_full,3000,0.001,0.0001,1.0,3e-07,0.001,10,npg,exact,4,0.0001,50,1e-10,normal,/shared/home/mauro.diaz/work/FOGAS/data/datasets_clean/generalization/5grid_stochastic.csv,42,reg_fixed,adam,warm,False,100,20,10000,cpu,ok,,0.09,0.93,-1.9264500000000009,0.01875,323.4056699780049,150
stochastic,npg_exact_alpha_fisher,fogas_full,3000,0.001,0.0001,1.0,3e-07,0.001,10,npg,exact,4,0.0003,50,1e-10,normal,/shared/home/mauro.diaz/work/FOGAS/data/datasets_clean/generalization/5grid_stochastic.csv,42,reg_fixed,adam,warm,False,100,20,10000,cpu,ok,,0.09,0.93,-1.9490500000000008,0.01875,329.2512733589974,156
stochastic,npg_exact_alpha_fisher,fogas_full,3000,0.001,0.0001,1.0,3e-07,0.001,10,npg,exact,4,0.003,50,1e-10,normal,/shared/home/mauro.diaz/work/FOGAS/data/datasets_clean/generalization/5grid_stochastic.csv,42,reg_fixed,adam,warm,False,100,20,10000,cpu,ok,,0.08,0.93,-1.9550000000000003,0.01875,284.0146125489846,139
stochastic,npg_exact_alpha_fisher,fogas_full,3000,0.001,0.0001,1.0,3e-07,0.001,10,npg,exact,4,0.001,50,1e-10,normal,/shared/home/mauro.diaz/work/FOGAS/data/datasets_clean/generalization/5grid_stochastic.csv,42,reg_fixed,adam,warm,False,100,20,10000,cpu,ok,,0.08,0.93,-1.9643500000000005,0.01875,314.54718036204576,149
stochastic,npg_exact_alpha_fisher,fogas_full,3000,0.0003,0.0001,1.0,3e-07,0.001,10,npg,exact,4,0.01,50,1e-10,normal,/shared/home/mauro.diaz/work/FOGAS/data/datasets_clean/generalization/5grid_stochastic.csv,42,reg_fixed,adam,warm,False,100,20,10000,cpu,ok,,0.06,0.93,-1.9526000000000008,0.01875,253.61010007502043,122
stochastic,npg_exact_alpha_fisher,fogas_full,3000,0.0001,0.0001,1.0,3e-07,0.001,10,npg,exact,4,0.003,50,1e-10,normal,/shared/home/mauro.diaz/work/FOGAS/data/datasets_clean/generalization/5grid_stochastic.csv,42,reg_fixed,adam,warm,False,100,20,10000,cpu,ok,,0.06,0.93,-1.9538000000000004,0.01875,281.2232440080261,124
stochastic,npg_exact_alpha_fisher,fogas_full,3000,0.0001,0.0001,1.0,3e-07,0.001,10,npg,exact,4,0.001,50,1e-10,normal,/shared/home/mauro.diaz/work/FOGAS/data/datasets_clean/generalization/5grid_stochastic.csv,42,reg_fixed,adam,warm,False,100,20,10000,cpu,ok,,0.06,0.93,-1.9542500000000007,0.01875,310.3317021619878,133
stochastic,npg_exact_alpha_fisher,fogas_full,3000,0.0001,0.0001,1.0,3e-07,0.001,10,npg,exact,4,0.0003,50,1e-10,normal,/shared/home/mauro.diaz/work/FOGAS/data/datasets_clean/generalization/5grid_stochastic.csv,42,reg_fixed,adam,warm,False,100,20,10000,cpu,ok,,0.06,0.93,-1.9542500000000007,0.01875,328.91922804299975,137
stochastic,sgd_exact_alpha,fogas_full,3000,0.01,0.0001,1.0,3e-07,0.001,10,sgd,exact,4,0.001,50,1e-10,normal,/shared/home/mauro.diaz/work/FOGAS/data/datasets_clean/generalization/5grid_stochastic.csv,42,reg_fixed,adam,warm,False,100,20,10000,cpu,ok,,0.06,0.93,-1.9551500000000004,0.01875,125.79080029501348,120
stochastic,npg_exact_alpha_fisher,fogas_full,3000,0.0001,0.0001,1.0,3e-07,0.001,10,npg,exact,4,3e-06,50,1e-10,normal,/shared/home/mauro.diaz/work/FOGAS/data/datasets_clean/generalization/5grid_stochastic.csv,42,reg_fixed,adam,warm,False,100,20,10000,cpu,ok,,0.06,0.93,-1.9562500000000005,0.01875,330.8095011030091,136
stochastic,npg_exact_alpha_fisher,fogas_full,3000,0.0001,0.0001,1.0,3e-07,0.001,10,npg,exact,4,0.0001,50,1e-10,normal,/shared/home/mauro.diaz/work/FOGAS/data/datasets_clean/generalization/5grid_stochastic.csv,42,reg_fixed,adam,warm,False,100,20,10000,cpu,ok,,0.06,0.93,-1.9562500000000005,0.01875,357.1979988870444,147
stochastic,npg_exact_alpha_fisher,fogas_full,3000,0.0001,0.0001,1.0,3e-07,0.001,10,npg,exact,4,1e-05,50,1e-10,normal,/shared/home/mauro.diaz/work/FOGAS/data/datasets_clean/generalization/5grid_stochastic.csv,42,reg_fixed,adam,warm,False,100,20,10000,cpu,ok,,0.06,0.93,-1.9562500000000005,0.01875,365.2108881629538,148
stochastic,npg_exact_alpha_fisher,fogas_full,3000,0.0001,0.0001,1.0,3e-07,0.001,10,npg,exact,4,1e-06,50,1e-10,normal,/shared/home/mauro.diaz/work/FOGAS/data/datasets_clean/generalization/5grid_stochastic.csv,42,reg_fixed,adam,warm,False,100,20,10000,cpu,ok,,0.06,0.93,-1.9562500000000005,0.01875,366.59263411699794,146
stochastic,npg_exact_alpha_fisher,fogas_full,3000,0.0001,0.0001,1.0,3e-07,0.001,10,npg,exact,4,3e-05,50,1e-10,normal,/shared/home/mauro.diaz/work/FOGAS/data/datasets_clean/generalization/5grid_stochastic.csv,42,reg_fixed,adam,warm,False,100,20,10000,cpu,ok,,0.06,0.93,-1.9562500000000005,0.01875,375.71992901997874,153
stochastic,npg_exact_alpha_fisher,fogas_full,3000,0.0003,0.0001,1.0,3e-07,0.001,10,npg,exact,4,1e-05,50,1e-10,normal,/shared/home/mauro.diaz/work/FOGAS/data/datasets_clean/generalization/5grid_stochastic.csv,42,reg_fixed,adam,warm,False,100,20,10000,cpu,ok,,0.06,0.93,-1.9619500000000003,0.01875,338.9928541000117,144
stochastic,npg_exact_alpha_fisher,fogas_full,3000,0.0003,0.0001,1.0,3e-07,0.001,10,npg,exact,4,0.0001,50,1e-10,normal,/shared/home/mauro.diaz/work/FOGAS/data/datasets_clean/generalization/5grid_stochastic.csv,42,reg_fixed,adam,warm,False,100,20,10000,cpu,ok,,0.06,0.93,-1.9619500000000003,0.01875,363.5568264760077,159
stochastic,npg_exact_alpha_fisher,fogas_full,3000,0.0003,0.0001,1.0,3e-07,0.001,10,npg,exact,4,0.0003,50,1e-10,normal,/shared/home/mauro.diaz/work/FOGAS/data/datasets_clean/generalization/5grid_stochastic.csv,42,reg_fixed,adam,warm,False,100,20,10000,cpu,ok,,0.06,0.93,-1.9619500000000003,0.01875,368.1332126929774,163
stochastic,npg_exact_alpha_fisher,fogas_full,3000,0.0003,0.0001,1.0,3e-07,0.001,10,npg,exact,4,3e-05,50,1e-10,normal,/shared/home/mauro.diaz/work/FOGAS/data/datasets_clean/generalization/5grid_stochastic.csv,42,reg_fixed,adam,warm,False,100,20,10000,cpu,ok,,0.06,0.93,-1.9619500000000003,0.01875,369.03300608997233,158
stochastic,npg_exact_alpha_fisher,fogas_full,3000,0.0003,0.0001,1.0,3e-07,0.001,10,npg,exact,4,1e-06,50,1e-10,normal,/shared/home/mauro.diaz/work/FOGAS/data/datasets_clean/generalization/5grid_stochastic.csv,42,reg_fixed,adam,warm,False,100,20,10000,cpu,ok,,0.06,0.93,-1.9619500000000003,0.01875,374.8852688579937,157
stochastic,npg_exact_alpha_fisher,fogas_full,3000,0.0003,0.0001,1.0,3e-07,0.001,10,npg,exact,4,3e-06,50,1e-10,normal,/shared/home/mauro.diaz/work/FOGAS/data/datasets_clean/generalization/5grid_stochastic.csv,42,reg_fixed,adam,warm,False,100,20,10000,cpu,ok,,0.06,0.93,-1.9619500000000003,0.01875,385.35092309099855,161
stochastic,npg_exact_alpha_fisher,fogas_full,3000,0.001,0.0001,1.0,3e-07,0.001,10,npg,exact,4,0.01,50,1e-10,normal,/shared/home/mauro.diaz/work/FOGAS/data/datasets_clean/generalization/5grid_stochastic.csv,42,reg_fixed,adam,warm,False,100,20,10000,cpu,ok,,0.06,0.93,-1.9637,0.01875,241.1362260460155,125
stochastic,npg_exact_alpha_fisher,fogas_full,3000,0.0003,0.0001,1.0,3e-07,0.001,10,npg,exact,4,0.003,50,1e-10,normal,/shared/home/mauro.diaz/work/FOGAS/data/datasets_clean/generalization/5grid_stochastic.csv,42,reg_fixed,adam,warm,False,100,20,10000,cpu,ok,,0.06,0.93,-1.9650500000000009,0.01875,282.0423191380105,132
stochastic,npg_exact_alpha_fisher,fogas_full,3000,0.0001,0.0001,1.0,3e-07,0.001,10,npg,exact,4,0.01,50,1e-10,normal,/shared/home/mauro.diaz/work/FOGAS/data/datasets_clean/generalization/5grid_stochastic.csv,42,reg_fixed,adam,warm,False,100,20,10000,cpu,ok,,0.05,0.93,-1.9676000000000005,0.01875,248.3804974950035,112
stochastic,sgd_exact_alpha,fogas_full,3000,0.03,0.0001,1.0,3e-07,0.001,10,sgd,exact,4,0.001,50,1e-10,normal,/shared/home/mauro.diaz/work/FOGAS/data/datasets_clean/generalization/5grid_stochastic.csv,42,reg_fixed,adam,warm,False,100,20,10000,cpu,ok,,0.05,0.93,-1.9700500000000007,0.01875,135.19207249296596,126
stochastic,npg_exact_alpha_fisher,fogas_full,3000,0.0003,0.0001,1.0,3e-07,0.001,10,npg,exact,4,0.001,50,1e-10,normal,/shared/home/mauro.diaz/work/FOGAS/data/datasets_clean/generalization/5grid_stochastic.csv,42,reg_fixed,adam,warm,False,100,20,10000,cpu,ok,,0.05,0.93,-1.9755000000000007,0.01875,343.57876534899697,154
stochastic,sgd_exact_alpha,fogas_full,3000,0.003,0.0001,1.0,3e-07,0.001,10,sgd,exact,4,0.001,50,1e-10,normal,/shared/home/mauro.diaz/work/FOGAS/data/datasets_clean/generalization/5grid_stochastic.csv,42,reg_fixed,adam,warm,False,100,20,10000,cpu,ok,,0.05,0.93,-1.9766000000000008,0.01875,122.20916893897812,119
stochastic,sgd_exact_alpha,fogas_full,3000,0.0003,0.0001,1.0,3e-07,0.001,10,sgd,exact,4,0.001,50,1e-10,normal,/shared/home/mauro.diaz/work/FOGAS/data/datasets_clean/generalization/5grid_stochastic.csv,42,reg_fixed,adam,warm,False,100,20,10000,cpu,ok,,0.04,0.93,-1.9877000000000005,0.01875,123.5857209469541,117
stochastic,sgd_exact_alpha,fogas_full,3000,0.001,0.0001,1.0,3e-07,0.001,10,sgd,exact,4,0.001,50,1e-10,normal,/shared/home/mauro.diaz/work/FOGAS/data/datasets_clean/generalization/5grid_stochastic.csv,42,reg_fixed,adam,warm,False,100,20,10000,cpu,ok,,0.04,0.93,-1.9877000000000005,0.01875,138.18969535501674,123
stochastic,sgd_exact_alpha,fogas_full,3000,0.0001,0.0001,1.0,3e-07,0.001,10,sgd,exact,4,0.001,50,1e-10,normal,/shared/home/mauro.diaz/work/FOGAS/data/datasets_clean/generalization/5grid_stochastic.csv,42,reg_fixed,adam,warm,False,100,20,10000,cpu,ok,,0.04,0.93,-1.9877000000000005,0.01875,139.64262517902534,121
stochastic,npg_exact_alpha_fisher,fogas_full,3000,1e-05,0.0001,1.0,3e-07,0.001,10,npg,exact,4,0.01,50,1e-10,normal,/shared/home/mauro.diaz/work/FOGAS/data/datasets_clean/generalization/5grid_stochastic.csv,42,reg_fixed,adam,warm,False,100,20,10000,cpu,ok,,0.04,0.93,-1.9877000000000005,0.01875,223.5032258069841,98
stochastic,npg_exact_alpha_fisher,fogas_full,3000,3e-05,0.0001,1.0,3e-07,0.001,10,npg,exact,4,0.01,50,1e-10,normal,/shared/home/mauro.diaz/work/FOGAS/data/datasets_clean/generalization/5grid_stochastic.csv,42,reg_fixed,adam,warm,False,100,20,10000,cpu,ok,,0.04,0.93,-1.9877000000000005,0.01875,243.83538773597684,109
stochastic,npg_exact_alpha_fisher,fogas_full,3000,3e-05,0.0001,1.0,3e-07,0.001,10,npg,exact,4,0.003,50,1e-10,normal,/shared/home/mauro.diaz/work/FOGAS/data/datasets_clean/generalization/5grid_stochastic.csv,42,reg_fixed,adam,warm,False,100,20,10000,cpu,ok,,0.04,0.93,-1.9877000000000005,0.01875,280.63643423101166,116
stochastic,npg_exact_alpha_fisher,fogas_full,3000,1e-05,0.0001,1.0,3e-07,0.001,10,npg,exact,4,0.003,50,1e-10,normal,/shared/home/mauro.diaz/work/FOGAS/data/datasets_clean/generalization/5grid_stochastic.csv,42,reg_fixed,adam,warm,False,100,20,10000,cpu,ok,,0.04,0.93,-1.9877000000000005,0.01875,312.6710483990028,111
stochastic,npg_exact_alpha_fisher,fogas_full,3000,1e-05,0.0001,1.0,3e-07,0.001,10,npg,exact,4,0.001,50,1e-10,normal,/shared/home/mauro.diaz/work/FOGAS/data/datasets_clean/generalization/5grid_stochastic.csv,42,reg_fixed,adam,warm,False,100,20,10000,cpu,ok,,0.04,0.93,-1.9877000000000005,0.01875,314.4422582500265,113
stochastic,npg_exact_alpha_fisher,fogas_full,3000,1e-05,0.0001,1.0,3e-07,0.001,10,npg,exact,4,0.0003,50,1e-10,normal,/shared/home/mauro.diaz/work/FOGAS/data/datasets_clean/generalization/5grid_stochastic.csv,42,reg_fixed,adam,warm,False,100,20,10000,cpu,ok,,0.04,0.93,-1.9877000000000005,0.01875,323.24897574901115,114
stochastic,npg_exact_alpha_fisher,fogas_full,3000,3e-05,0.0001,1.0,3e-07,0.001,10,npg,exact,4,0.001,50,1e-10,normal,/shared/home/mauro.diaz/work/FOGAS/data/datasets_clean/generalization/5grid_stochastic.csv,42,reg_fixed,adam,warm,False,100,20,10000,cpu,ok,,0.04,0.93,-1.9877000000000005,0.01875,337.36223615397466,129
stochastic,npg_exact_alpha_fisher,fogas_full,3000,1e-05,0.0001,1.0,3e-07,0.001,10,npg,exact,4,3e-05,50,1e-10,normal,/shared/home/mauro.diaz/work/FOGAS/data/datasets_clean/generalization/5grid_stochastic.csv,42,reg_fixed,adam,warm,False,100,20,10000,cpu,ok,,0.04,0.93,-1.9877000000000005,0.01875,346.0797166390112,102
stochastic,npg_exact_alpha_fisher,fogas_full,3000,3e-05,0.0001,1.0,3e-07,0.001,10,npg,exact,4,3e-06,50,1e-10,normal,/shared/home/mauro.diaz/work/FOGAS/data/datasets_clean/generalization/5grid_stochastic.csv,42,reg_fixed,adam,warm,False,100,20,10000,cpu,ok,,0.04,0.93,-1.9877000000000005,0.01875,355.8019374959986,131
stochastic,npg_exact_alpha_fisher,fogas_full,3000,3e-05,0.0001,1.0,3e-07,0.001,10,npg,exact,4,0.0003,50,1e-10,normal,/shared/home/mauro.diaz/work/FOGAS/data/datasets_clean/generalization/5grid_stochastic.csv,42,reg_fixed,adam,warm,False,100,20,10000,cpu,ok,,0.04,0.93,-1.9877000000000005,0.01875,357.28036857798,135
stochastic,npg_exact_alpha_fisher,fogas_full,3000,1e-05,0.0001,1.0,3e-07,0.001,10,npg,exact,4,0.0001,50,1e-10,normal,/shared/home/mauro.diaz/work/FOGAS/data/datasets_clean/generalization/5grid_stochastic.csv,42,reg_fixed,adam,warm,False,100,20,10000,cpu,ok,,0.04,0.93,-1.9877000000000005,0.01875,358.1097592869773,128
stochastic,npg_exact_alpha_fisher,fogas_full,3000,3e-05,0.0001,1.0,3e-07,0.001,10,npg,exact,4,1e-06,50,1e-10,normal,/shared/home/mauro.diaz/work/FOGAS/data/datasets_clean/generalization/5grid_stochastic.csv,42,reg_fixed,adam,warm,False,100,20,10000,cpu,ok,,0.04,0.93,-1.9877000000000005,0.01875,367.5739402140025,134
stochastic,npg_exact_alpha_fisher,fogas_full,3000,3e-05,0.0001,1.0,3e-07,0.001,10,npg,exact,4,0.0001,50,1e-10,normal,/shared/home/mauro.diaz/work/FOGAS/data/datasets_clean/generalization/5grid_stochastic.csv,42,reg_fixed,adam,warm,False,100,20,10000,cpu,ok,,0.04,0.93,-1.9877000000000005,0.01875,368.559261960967,141
stochastic,npg_exact_alpha_fisher,fogas_full,3000,3e-05,0.0001,1.0,3e-07,0.001,10,npg,exact,4,1e-05,50,1e-10,normal,/shared/home/mauro.diaz/work/FOGAS/data/datasets_clean/generalization/5grid_stochastic.csv,42,reg_fixed,adam,warm,False,100,20,10000,cpu,ok,,0.04,0.93,-1.9877000000000005,0.01875,371.2048813879956,138
stochastic,npg_exact_alpha_fisher,fogas_full,3000,3e-05,0.0001,1.0,3e-07,0.001,10,npg,exact,4,3e-05,50,1e-10,normal,/shared/home/mauro.diaz/work/FOGAS/data/datasets_clean/generalization/5grid_stochastic.csv,42,reg_fixed,adam,warm,False,100,20,10000,cpu,ok,,0.04,0.93,-1.9877000000000005,0.01875,372.4705280209892,142
stochastic,npg_exact_alpha_fisher,fogas_full,3000,1e-05,0.0001,1.0,3e-07,0.001,10,npg,exact,4,1e-06,50,1e-10,normal,/shared/home/mauro.diaz/work/FOGAS/data/datasets_clean/generalization/5grid_stochastic.csv,42,reg_fixed,adam,warm,False,100,20,10000,cpu,ok,,0.04,0.93,-1.9877000000000005,0.01875,381.2903353490401,104
stochastic,npg_exact_alpha_fisher,fogas_full,3000,1e-05,0.0001,1.0,3e-07,0.001,10,npg,exact,4,3e-06,50,1e-10,normal,/shared/home/mauro.diaz/work/FOGAS/data/datasets_clean/generalization/5grid_stochastic.csv,42,reg_fixed,adam,warm,False,100,20,10000,cpu,ok,,0.04,0.93,-1.9877000000000005,0.01875,388.2236236470053,107
stochastic,npg_exact_alpha_fisher,fogas_full,3000,1e-05,0.0001,1.0,3e-07,0.001,10,npg,exact,4,1e-05,50,1e-10,normal,/shared/home/mauro.diaz/work/FOGAS/data/datasets_clean/generalization/5grid_stochastic.csv,42,reg_fixed,adam,warm,False,100,20,10000,cpu,ok,,0.04,0.93,-1.9877000000000005,0.01875,396.1198938800371,108
stochastic,sgd_exact_alpha,fogas_full,3000,1e-05,0.0001,1.0,3e-07,0.001,10,sgd,exact,4,0.001,50,1e-10,normal,/shared/home/mauro.diaz/work/FOGAS/data/datasets_clean/generalization/5grid_stochastic.csv,42,reg_fixed,adam,warm,False,100,20,10000,cpu,ok,,0.04,0.93,-1.989900000000001,0.01875,128.24751785903936,115
stochastic,sgd_exact_alpha,fogas_full,3000,3e-05,0.0001,1.0,3e-07,0.001,10,sgd,exact,4,0.001,50,1e-10,normal,/shared/home/mauro.diaz/work/FOGAS/data/datasets_clean/generalization/5grid_stochastic.csv,42,reg_fixed,adam,warm,False,100,20,10000,cpu,ok,,0.04,0.93,-1.989900000000001,0.01875,130.4146022040513,118
stochastic,npg_exact_alpha_fisher,fogas_full,3000,0.03,0.0001,1.0,3e-07,0.001,10,npg,exact,4,0.003,50,1e-10,normal,/shared/home/mauro.diaz/work/FOGAS/data/datasets_clean/generalization/5grid_stochastic.csv,42,reg_fixed,adam,warm,False,100,20,10000,cpu,ok,,0.83,0.89,-0.4177500000000003,-0.07665,280.34222028404474,151
stochastic,npg_exact_alpha_fisher,fogas_full,3000,0.03,0.0001,1.0,3e-07,0.001,10,npg,exact,4,0.0001,50,1e-10,normal,/shared/home/mauro.diaz/work/FOGAS/data/datasets_clean/generalization/5grid_stochastic.csv,42,reg_fixed,adam,warm,False,100,20,10000,cpu,ok,,0.81,0.89,-0.4635500000000003,-0.07665,339.76245573401684,173
stochastic,npg_exact_alpha_fisher,fogas_full,3000,0.03,0.0001,1.0,3e-07,0.001,10,npg,exact,4,3e-05,50,1e-10,normal,/shared/home/mauro.diaz/work/FOGAS/data/datasets_clean/generalization/5grid_stochastic.csv,42,reg_fixed,adam,warm,False,100,20,10000,cpu,ok,,0.81,0.89,-0.4712000000000003,-0.07665,390.07763316394994,192
stochastic,npg_exact_alpha_fisher,fogas_full,3000,0.03,0.0001,1.0,3e-07,0.001,10,npg,exact,4,1e-05,50,1e-10,normal,/shared/home/mauro.diaz/work/FOGAS/data/datasets_clean/generalization/5grid_stochastic.csv,42,reg_fixed,adam,warm,False,100,20,10000,cpu,ok,,0.81,0.89,-0.4722000000000003,-0.07665,376.4224802519893,186
stochastic,npg_exact_alpha_fisher,fogas_full,3000,0.1,0.0001,1.0,3e-07,0.001,10,npg,exact,4,0.0001,50,1e-10,normal,/shared/home/mauro.diaz/work/FOGAS/data/datasets_clean/generalization/5grid_stochastic.csv,42,reg_fixed,adam,warm,False,100,20,10000,cpu,ok,,0.81,0.35,-0.4120500000000002,-1.4244500000000004,366.5166837889701,194
stochastic,npg_exact_alpha_fisher,fogas_full,3000,0.1,0.0001,1.0,3e-07,0.001,10,npg,exact,4,0.003,50,1e-10,normal,/shared/home/mauro.diaz/work/FOGAS/data/datasets_clean/generalization/5grid_stochastic.csv,42,reg_fixed,adam,warm,False,100,20,10000,cpu,ok,,0.79,0.35,-0.5012500000000003,-1.4244500000000004,296.176230098994,171
